,prenom,nom,genre,age
1179,Nathalie,Poulain,F,22
1138,Julie,Bousquet,F,45
552,Luce,Da Silva,F,21
798,Suzanne,Lebon,F,37
818,Inès,Chevallier,F,41
1198,Nathalie,Valentin,F,60
682,Geneviève,Diallo,F,32
1032,Susanne,Delaunay,F,36
234,Michel,Salmon,M,60
531,Aimée,Lebon,F,52
99,Sébastien,Pelletier,M,67
379,Thomas,Coulon,M,52
1150,Cécile,Martinez,F,49
833,Geneviève,Ribeiro,F,18
592,Michèle,Richard,F,35
1203,Andrée,Parent,F,18
119,Robert,Faure,M,19
484,Matthieu,Chevallier,M,53
960,Astrid,Munoz,F,60
951,Louise,Bouvet,F,70
669,Zoé,Reynaud,F,31
549,Laure,Peltier,F,46
991,Sophie,David,F,70
821,Charlotte,Lefèvre,F,65
790,Marcelle,Maury,F,58
659,Amélie,Chrétien,F,72
1078,Joséphine,Leroux,F,21
182,Marc,Bègue,M,39
776,Stéphanie,Gérard,F,38
103,Roland,Pasquier,M,20
1089,Aimée,Carlier,F,64
114,Éric,Thibault,M,57
565,Hortense,Morel,F,20
1008,Simone,Hamon,F,66
120,Gilles,Girard,M,51
261,Guy,Hernandez,M,36
1107,Chantal,Seguin,F,55
375,François,Godard,M,42
226,Henri,Benard,M,18
558,Odette,Guichard,F,64
1102,Michèle,Duhamel,F,63
322,William,Guilbert,M,50
752,Antoinette,Ferreira,F,33
492,Victor,Simon,M,23
412,Michel,Lévêque,M,70
522,Élodie,Langlois,F,47
984,Andrée,Dufour,F,52
498,Jacqueline,Lemaître,F,44
123,Olivier,Munoz,M,19
447,Léon,Berger,M,73
837,Aimée,Richard,F,21
1000,Aurélie,Julien,F,20
184,Lucas,Clerc,M,24
441,Tristan,Petitjean,M,70
512,Paulette,Fournier,F,53
598,Brigitte,Barbe,F,55
618,Constance,François,F,24
66,Gabriel,Bourgeois,M,25
925,Dominique,Loiseau,F,50
155,Philippe,Pichon,M,60
871,Laurence,Bertrand,F,38
442,Théodore,Pons,M,53
248,Alain,Morel,M,33
971,Corinne,Rousset,F,54
738,Monique,Marty,F,66
476,Frédéric,Gallet,M,22
959,Margaret,Lemoine,F,41
128,Arthur,Rodriguez,M,20
637,Jeannine,Barbier,F,56
847,Alexandrie,Denis,F,36
1101,Pénélope,Teixeira,F,38
651,Margot,Vincent,F,29
968,Thérèse,Jean,F,49
140,Patrick,Leblanc,M,22
139,Yves,Salmon,M,60
617,Valérie,Dubois,F,38
1164,Anouk,Gilles,F,27
828,Édith,Joseph,F,22
969,Diane,Dupré,F,48
1045,Josette,Letellier,F,48
138,Christophe,Boulay,M,61
1037,Françoise,Clerc,F,34
1038,Charlotte,Nicolas,F,62
179,Guy,Joubert,M,57
13,Raymond,Evrard,M,30
563,Emmanuelle,Gros,F,71
753,Monique,Hoarau,F,72
214,Auguste,Lopez,M,19
171,Marcel,Richard,M,47
216,Gilbert,Ferrand,M,18
341,Benoît,Lemaître,M,54
685,Capucine,Boulay,F,29
803,Denise,Dumont,F,36
767,Margot,Pereira,F,67
260,Rémy,Pires,M,52
205,Stéphane,Paris,M,50
774,Margot,Leclerc,F,44
174,Laurent,Chevallier,M,38
539,Véronique,Gautier,F,51
289,Gilles,Besson,M,19
388,Pierre,Benard,M,24
0,Bertrand,De Sousa,M,38
1082,Camille,Carpentier,F,46
903,Jeannine,Boulay,F,44
980,Laetitia,Launay,F,69
427,Gilles,Boulay,M,53
176,Étienne,Fernandes,M,58
874,Susanne,Gaudin,F,53
599,Margaud,Blanc,F,44
246,Roland,Valette,M,59
1154,Camille,Roux,F,39
897,Arnaude,Lecomte,F,27
634,Élise,Schmitt,F,71
509,Pauline,Mace,F,41
136,Vincent,Julien,M,57
258,Lucas,Breton,M,54
361,Pierre,Guilbert,M,44
89,Auguste,Lopez,M,56
1100,Laetitia,Carlier,F,48
230,Thomas,Blanchet,M,30
1033,Alix,Lecomte,F,44
93,Georges,Humbert,M,40
421,Zacharie,Alexandre,M,36
855,Sylvie,Humbert,F,31
777,Margot,Garcia,F,56
708,Suzanne,Robin,F,24
680,Marine,Richard,F,33
259,Robert,Lefebvre,M,54
374,Aimé,Charles,M,45
148,Michel,Humbert,M,57
278,Alfred,Godard,M,30
771,Laurence,Samson,F,60
292,Charles,Cordier,M,41
405,Adrien,Millet,M,60
368,Aimé,Benoit,M,29
101,Louis,Guilbert,M,47
1094,Isabelle,Ribeiro,F,22
109,Hugues,Lombard,M,63
52,Augustin,Cordier,M,70
188,Thierry,Maillet,M,59
306,Michel,Tessier,M,24
116,Daniel,Traore,M,67
1110,Thérèse,Bertin,F,71
849,Madeleine,Fournier,F,35
979,Margaret,Pires,F,41
806,Camille,Gomez,F,43
162,Sébastien,Bouvier,M,63
1054,Julie,Prévost,F,28
257,Bertrand,Adam,M,70
635,Marthe,Hervé,F,38
1035,Laure,Lagarde,F,36
208,Bernard,Legros,M,52
709,Marianne,Gérard,F,56
596,Denise,Gallet,F,65
1210,Aurélie,Marie,F,41
729,Sabine,Pruvost,F,45
465,Michel,Dupuis,M,34
348,Thibault,Descamps,M,72
511,Lucie,Schmitt,F,21
546,Cécile,Faivre,F,28
82,Hugues,Le Gall,M,47
350,Yves,Lefort,M,63
772,Claire,Valette,F,43
53,Marcel,De Sousa,M,25
722,Cécile,Leleu,F,59
1022,Aimée,Pasquier,F,71
142,Victor,Hebert,M,36
43,Étienne,Lagarde,M,51
560,Anouk,Mary,F,44
1191,Paulette,Poulain,F,21
718,Émilie,Grégoire,F,27
759,Josette,Gros,F,35
419,Denis,Boyer,M,40
1170,Luce,Richard,F,67
781,Lucy,Texier,F,36
243,Philippe,Mallet,M,35
1065,Catherine,Barre,F,66
523,Brigitte,Ruiz,F,38
884,Paulette,Cordier,F,60
535,Christelle,Pelletier,F,29
543,Amélie,Pires,F,24
177,Alfred,Fernandes,M,51
450,Gérard,Schmitt,M,69
63,Thibault,De Sousa,M,28
506,Claudine,Delmas,F,51
1095,Élodie,Bonneau,F,60
992,Agathe,Dumont,F,23
387,Thierry,Vallée,M,23
434,Eugène,Lévy,M,37
1147,Geneviève,Marques,F,33
17,Nicolas,Lopes,M,28
944,Céline,Hoareau,F,60
382,Marc,Guillou,M,24
1171,Hortense,Vallet,F,45
1063,Marthe,Jacquet,F,42
742,Nathalie,Marchand,F,42
392,Vincent,Guillot,M,30
875,Luce,Robert,F,23
538,Laure,Boyer,F,44
1061,Pénélope,Georges,F,24
1130,Dominique,Legendre,F,52
670,Patricia,Gillet,F,72
630,Valérie,Aubry,F,62
590,Diane,Lecoq,F,52
940,Chantal,Verdier,F,66
147,Arthur,Nguyen,M,26
898,Geneviève,Lemaître,F,20
997,Éléonore,Lemoine,F,61
989,Gabrielle,Michel,F,59
331,Roger,Grondin,M,23
223,Étienne,Arnaud,M,57
3,Adrien,Deschamps,M,24
1194,Anne,Bazin,F,65
655,Marcelle,Raymond,F,38
784,Cécile,Maillot,F,70
95,Zacharie,Delorme,M,41
1048,Aurore,Dupuy,F,26
256,Vincent,Moreno,M,71
1141,Brigitte,Leconte,F,73
726,Philippine,Perez,F,53
301,Matthieu,Guillot,M,70
1019,Jeanne,Merle,F,41
917,Sabine,Lemaître,F,73
132,Jérôme,Léger,M,67
137,Pierre,Robert,M,59
190,Georges,Regnier,M,71
395,Thibaut,Michaud,M,44
725,Claude,Traore,F,63
703,Aurélie,Michaud,F,64
536,Luce,Foucher,F,51
572,Monique,Antoine,F,33
415,Philippe,Roux,M,27
1069,Diane,Rousset,F,18
369,Georges,Rocher,M,68
587,Michelle,Maillard,F,32
694,Célina,Roy,F,66
649,Chantal,Jacob,F,29
644,Clémence,Perrier,F,22
652,Martine,Bernier,F,52
487,Frédéric,Devaux,M,39
285,Honoré,Roy,M,24
1049,Margot,Boutin,F,57
584,Audrey,Ferreira,F,51
68,Louis,Thibault,M,62
224,Noël,Reynaud,M,34
349,Marc,Gomez,M,57
603,Clémence,Laporte,F,51
347,Gérard,Lagarde,M,60
532,Agnès,Renault,F,55
848,Catherine,Perrin,F,34
113,Luc,Carpentier,M,55
134,Thibault,Robert,M,27
312,Richard,Voisin,M,29
528,Hortense,Leleu,F,51
711,Colette,Bertin,F,38
508,Adrienne,Breton,F,69
466,Stéphane,Blondel,M,54
581,Luce,Delahaye,F,67
482,Guy,Raymond,M,52
157,Thibaut,Legros,M,54
741,Laure,Sauvage,F,35
242,Lucas,De Sousa,M,32
1116,Brigitte,Martin,F,58
1143,Lucy,Loiseau,F,31
241,Maurice,Rodriguez,M,62
1162,Catherine,Pascal,F,40
168,Gérard,Lebreton,M,62
20,Daniel,Dupré,M,36
681,Cécile,Guillot,F,37
26,Lucas,Da Silva,M,62
720,Laurence,Perrier,F,50
594,Juliette,Louis,F,23
561,Astrid,Fournier,F,21
6,Guy,Morvan,M,34
613,Nath,Gonzalez,F,46
183,Georges,Morvan,M,52
458,Alfred,Ferrand,M,42
579,Jacqueline,Mary,F,45
922,Paulette,Toussaint,F,52
935,Anouk,Vaillant,F,62
200,Sébastien,Bigot,M,58
158,Guy,Devaux,M,56
64,Alphonse,Roy,M,43
854,Laetitia,Allard,F,22
870,Alex,Monnier,F,58
1091,Anne,Marion,F,23
541,Luce,Fernandes,F,64
648,Christine,Rodrigues,F,50
1042,Louise,Sauvage,F,20
987,Alex,Morin,F,50
794,Anastasie,Maury,F,47
524,Constance,Bonnet,F,67
1015,Antoinette,Fernandez,F,73
626,Sophie,Tanguy,F,29
961,Françoise,Pons,F,37
918,Anastasie,Masson,F,48
338,Frédéric,Techer,M,54
728,Marcelle,Hernandez,F,23
501,Aurélie,Marin,F,58
658,Marcelle,Albert,F,34
916,Lucy,Mahe,F,47
831,Renée,Pierre,F,33
228,Olivier,Roussel,M,36
883,Capucine,Caron,F,35
580,Simone,Lévy,F,31
425,Gérard,Gomez,M,42
568,Aurélie,Blanchet,F,25
46,Marcel,Meunier,M,72
578,Madeleine,Mahe,F,63
955,Geneviève,Gay,F,22
55,Thibault,Girard,M,24
657,Nathalie,Dubois,F,40
1080,Corinne,Maillot,F,68
316,Alexandre,Guyot,M,66
1196,Anne,Dufour,F,73
1114,Colette,Mary,F,39
615,Dorothée,Valentin,F,46
353,Théophile,Rodriguez,M,50
672,Jeannine,Gosselin,F,24
1201,Brigitte,Vallet,F,43
397,Émile,Lebrun,M,24
600,Virginie,Pons,F,32
801,Josette,Roche,F,60
444,Stéphane,Roche,M,47
786,Colette,Perez,F,46
949,Stéphanie,Carlier,F,51
167,Éric,Carpentier,M,45
782,Sophie,Étienne,F,43
676,Susanne,Benoit,F,22
619,Stéphanie,Gosselin,F,41
104,Xavier,Delattre,M,65
573,Agnès,Bourdon,F,28
1073,Suzanne,Berthelot,F,62
296,Benoît,Gosselin,M,21
792,Martine,Foucher,F,48
1188,Nathalie,Lelièvre,F,24
321,Pierre,Mary,M,58
710,Victoire,Neveu,F,48
28,Bertrand,Lopes,M,65
334,Victor,Couturier,M,41
254,Emmanuel,Thibault,M,48
1006,Pénélope,Turpin,F,41
229,Marcel,Imbert,M,70
996,Marguerite,Pichon,F,35
1108,Caroline,Ferrand,F,39
307,Adrien,Boutin,M,40
904,Maryse,Toussaint,F,27
1092,Manon,Leleu,F,25
737,Virginie,Poirier,F,59
942,Martine,Renaud,F,33
793,Inès,Dufour,F,54
762,Maggie,Fernandes,F,48
865,Marie,Jacquet,F,68
310,Thomas,Roux,M,56
609,Pénélope,Collet,F,65
488,Noël,Dias,M,26
645,Susanne,Gilbert,F,31
1117,Célina,Daniel,F,23
927,Aimée,Gilles,F,51
1068,Élodie,Philippe,F,49
470,Pierre,Chauvin,M,46
1173,Catherine,Diaz,F,59
824,Laurence,Courtois,F,60
995,Patricia,Leduc,F,48
894,Pénélope,Brun,F,62
1178,Antoinette,Rousset,F,48
567,Marguerite,Peltier,F,48
1123,Monique,Duhamel,F,60
1009,Laure,Allard,F,35
791,Catherine,Joly,F,46
396,Aimé,Renard,M,36
697,Corinne,Peron,F,41
151,Gabriel,Legendre,M,66
303,Luc,Royer,M,57
977,Susanne,Hardy,F,68
106,Patrick,Robin,M,46
1197,Michèle,Marchal,F,24
910,Susanne,Dufour,F,35
1122,Thérèse,Poulain,F,38
1004,Bernadette,Allain,F,65
1128,Lucy,Robin,F,28
690,Océane,Chevalier,F,38
1021,Louise,Denis,F,36
438,Laurent,Traore,M,44
1195,Aurore,Bourdon,F,58
413,Emmanuel,Nguyen,M,35
1134,Cécile,Hamon,F,34
764,Laetitia,Grenier,F,67
795,Christiane,Dias,F,36
212,Richard,Marie,M,56
691,Jacqueline,Schneider,F,23
1160,Océane,Martins,F,66
253,Honoré,Daniel,M,21
65,Alexandre,Maurice,M,50
186,Lucas,Brun,M,66
102,Denis,Vincent,M,44
1047,Josette,Humbert,F,35
938,Marine,Bertin,F,53
1168,Jeannine,Gonzalez,F,58
329,Timothée,Boulay,M,36
217,Vincent,Tessier,M,69
84,Denis,Bourgeois,M,71
146,Aimé,Gautier,M,42
1,Éric,Jean,M,40
76,Charles,Michaud,M,39
464,Timothée,Lemoine,M,66
1027,Anaïs,Fouquet,F,54
749,Cécile,Lesage,F,21
472,Alexandre,Bouvet,M,32
141,Lucas,Briand,M,45
325,Maurice,Robin,M,39
746,Marianne,Camus,F,21
1066,Françoise,Boucher,F,63
872,Emmanuelle,Lefort,F,25
832,Isabelle,Turpin,F,59
994,Maryse,Lefebvre,F,36
371,Alphonse,Dijoux,M,39
416,Théodore,Michel,M,52
1104,Marcelle,Andre,F,31
963,Gabrielle,Colin,F,37
239,Patrick,Pinto,M,37
435,Marcel,Hamon,M,19
555,Geneviève,Guillot,F,50
364,Laurent,Chevalier,M,70
436,André,Barre,M,28
1181,Marie,Brunel,F,68
271,Alain,Gilles,M,43
96,Franck,Leduc,M,48
8,Théophile,Descamps,M,54
978,Anastasie,Thomas,F,46
187,Alphonse,Teixeira,M,39
189,Nicolas,Baron,M,62
1200,Virginie,Le Roux,F,29
222,Auguste,Marques,M,34
1119,Anaïs,Georges,F,48
663,Zoé,Ramos,F,28
957,Lorraine,Rodrigues,F,20
194,Léon,Fabre,M,59
606,Sabine,Gérard,F,59
79,William,Joubert,M,19
627,Diane,Guibert,F,73
719,Zoé,Bazin,F,33
1133,Valentine,Munoz,F,65
1067,Christiane,Renard,F,61
221,Noël,Lévêque,M,72
740,Christelle,Toussaint,F,19
36,Alfred,Léger,M,47
930,Capucine,Charrier,F,49
219,Roland,Charrier,M,35
608,Mathilde,Gaillard,F,73
575,Danielle,Schneider,F,44
1007,Élise,Weber,F,36
923,Brigitte,Guillou,F,41
946,Amélie,Chevallier,F,30
268,Étienne,Leclerc,M,55
19,Alain,Daniel,M,66
695,Luce,Chevallier,F,68
562,Cécile,Leconte,F,35
1149,Margaret,Perrot,F,41
812,Marguerite,Allard,F,27
1161,Alix,Brunel,F,66
181,Philippe,Pruvost,M,36
130,Georges,Huet,M,35
643,Corinne,Boutin,F,68
110,Pierre,Brun,M,60
789,Frédérique,Carlier,F,67
1084,Chantal,Breton,F,46
1077,Françoise,Brunet,F,68
1126,Pauline,Salmon,F,59
394,Jules,Olivier,M,48
667,Luce,Cohen,F,44
406,Nicolas,Turpin,M,61
357,Rémy,Diaz,M,52
178,Jérôme,Martel,M,35
1086,Hélène,Mendès,F,55
1155,Mathilde,Leleu,F,30
391,Pierre,Marques,M,24
891,Noémi,Berthelot,F,51
1163,Claude,Adam,F,22
370,Éric,Guillon,M,36
455,Martin,Foucher,M,18
398,Vincent,Dufour,M,22
192,Alexandre,Aubry,M,36
404,Marcel,Bonnet,M,61
10,Noël,Lecoq,M,56
1103,Anaïs,Boutin,F,23
197,Nicolas,Leblanc,M,46
1208,Capucine,Lopez,F,25
83,Eugène,Bouvet,M,70
247,Stéphane,Laine,M,42
975,Caroline,Maurice,F,30
302,Benjamin,Neveu,M,39
78,Olivier,Roger,M,43
936,Olivie,Peron,F,27
4,Daniel,Martin,M,68
319,Christophe,Maillot,M,60
1081,Laetitia,Diallo,F,24
1050,Michelle,Payet,F,59
1041,Lucy,Samson,F,48
835,Éléonore,Joly,F,39
1144,Nathalie,Antoine,F,31
1028,Sophie,Turpin,F,25
1093,Édith,Dufour,F,21
1106,Juliette,Techer,F,39
483,Thomas,Carpentier,M,52
893,Marcelle,Mace,F,22
675,Maggie,Jacquet,F,26
633,Joséphine,Auger,F,50
804,Noémi,Richard,F,62
888,Olivie,Becker,F,69
478,William,Bouvier,M,45
881,Manon,Normand,F,68
377,Étienne,Fouquet,M,69
589,Geneviève,Godard,F,25
437,Rémy,Pages,M,35
620,Christine,Lucas,F,41
852,Véronique,Louis,F,48
671,Geneviève,Lacroix,F,72
365,Honoré,Hamel,M,50
320,Augustin,Lacombe,M,56
81,Hugues,Thibault,M,37
547,Josette,Becker,F,63
39,Henri,Leconte,M,44
27,Paul,Chartier,M,38
218,Jules,Hoarau,M,34
869,Audrey,Renard,F,72
62,Joseph,David,M,52
945,Manon,Lebrun,F,67
931,Olivie,Lamy,F,39
754,Éléonore,Gilbert,F,71
1190,Célina,Boucher,F,39
817,Corinne,Renault,F,56
882,Noémi,Lagarde,F,59
650,Astrid,Nicolas,F,66
417,Auguste,Picard,M,44
439,Jérôme,Cohen,M,60
1153,Clémence,Monnier,F,51
912,Anaïs,Lemonnier,F,68
902,Diane,Gallet,F,60
1172,Dorothée,Pruvost,F,20
9,Gérard,Delaunay,M,44
339,Zacharie,Voisin,M,50
373,Gérard,Benard,M,67
802,Anne,Poulain,F,50
540,Cécile,Godard,F,43
1036,Élodie,Joubert,F,50
712,Astrid,Salmon,F,65
1057,Dominique,Bailly,F,52
911,Amélie,Roy,F,22
98,Bertrand,Tanguy,M,34
1083,Cécile,Garnier,F,40
262,Timothée,Charrier,M,45
1090,Sabine,Faure,F,59
199,Thomas,Pruvost,M,33
166,Victor,Jacquot,M,49
41,Gabriel,Poirier,M,70
770,Manon,Imbert,F,67
860,Élisabeth,Lecoq,F,70
494,Benoît,Tessier,M,62
920,Anouk,Goncalves,F,43
705,Adèle,Gérard,F,24
698,Anouk,Leclerc,F,41
1204,Juliette,Turpin,F,43
780,Christelle,Maillot,F,38
861,Virginie,Courtois,F,71
37,Daniel,Louis,M,41
407,Thomas,Pereira,M,67
887,Éléonore,Ferreira,F,32
1202,Lorraine,Fournier,F,45
1212,Diane,Delorme,F,60
879,Stéphanie,Masse,F,62
49,David,Ollivier,M,33
1115,Cécile,Breton,F,56
1053,Margot,Devaux,F,34
544,Simone,Alves,F,37
679,Christine,Charrier,F,25
788,Olivie,Techer,F,29
1072,Agathe,Buisson,F,46
185,Vincent,Thibault,M,65
38,Gilles,Jacques,M,51
32,Stéphane,Perrin,M,22
715,Dorothée,Leblanc,F,66
744,Louise,Dumont,F,29
889,Christine,François,F,48
654,Luce,Joubert,F,45
998,Alice,Ribeiro,F,65
1024,Véronique,Étienne,F,27
33,Marc,Parent,M,45
429,Philippe,Baudry,M,52
269,Thierry,Gillet,M,36
324,Zacharie,Martel,M,21
480,Matthieu,Peron,M,28
677,Anaïs,Lesage,F,55
827,Susan,Allain,F,60
173,Henri,Laine,M,53
311,Bertrand,Durand,M,43
779,Juliette,Moreno,F,34
18,Alexandre,Toussaint,M,50
175,Joseph,Bertin,M,23
928,Madeleine,Schmitt,F,69
213,Honoré,Moreau,M,30
238,David,Moreno,M,27
40,Alphonse,Gillet,M,34
363,Guy,Rousseau,M,23
1139,Élisabeth,Laporte,F,22
585,Josette,Martineau,F,59
467,Franck,Laporte,M,62
1016,Susan,Da Silva,F,25
857,Paulette,Royer,F,47
446,Sébastien,Buisson,M,45
692,Juliette,Peltier,F,55
503,Alexandria,Sauvage,F,26
206,Alfred,Bernier,M,56
943,Pénélope,Boulay,F,55
34,Eugène,Carpentier,M,43
664,Susan,Briand,F,46
352,Benjamin,Bodin,M,46
77,Bertrand,Garcia,M,38
934,Aurélie,Bernier,F,32
640,Gabrielle,Leduc,F,24
864,Lorraine,Hamon,F,61
1060,Margot,Jean,F,18
983,Valérie,Perrier,F,38
796,Anouk,Pons,F,49
929,Antoinette,Descamps,F,39
845,Martine,Faure,F,38
411,Gilbert,Laurent,M,30
647,Olivie,Perret,F,44
276,Marc,Lévêque,M,45
844,Lucie,Blin,F,66
816,Sylvie,Pereira,F,55
29,Christophe,Evrard,M,56
360,Laurent,Perrot,M,45
410,Vincent,Lemaire,M,24
661,Susanne,Faivre,F,49
863,Michelle,Bonnet,F,70
493,Gérard,Vincent,M,24
282,Lucas,Morel,M,35
885,Christiane,Guillon,F,66
1062,Maggie,Pelletier,F,25
569,Marguerite,Didier,F,48
460,Yves,Lefort,M,57
612,Monique,Benoit,F,49
750,Michelle,Gautier,F,54
251,Rémy,Hubert,M,32
15,Éric,Lévêque,M,56
760,Bernadette,Mallet,F,62
469,Émile,Riou,M,20
1135,Brigitte,Lopez,F,31
327,Georges,Weiss,M,32
430,Théophile,Bouvet,M,64
153,Thierry,Verdier,M,47
340,Thibault,Dumas,M,49
300,Franck,Valentin,M,20
317,Lucas,Neveu,M,36
554,Lorraine,Hoarau,F,45
272,Laurent,Courtois,M,56
290,Rémy,Labbé,M,29
56,Théophile,Legrand,M,67
1002,Marcelle,Guillon,F,37
383,Henri,Samson,M,32
58,Denis,Gomes,M,33
359,Olivier,Marty,M,33
607,Margaret,Diallo,F,48
906,Frédérique,Huet,F,40
471,Rémy,Lucas,M,21
245,Benoît,Rossi,M,20
1180,Astrid,Moreno,F,21
811,Amélie,Leleu,F,41
121,Denis,Lenoir,M,39
60,Alfred,Simon,M,36
1120,Nathalie,Carre,F,21
566,Charlotte,Mahe,F,24
315,Bernard,Perrier,M,59
381,Timothée,Barre,M,60
947,Henriette,Benoit,F,59
510,Marguerite,Chevalier,F,34
445,Louis,Marie,M,34
115,Olivier,Lagarde,M,73
890,Édith,Verdier,F,59
281,Alexandre,Deschamps,M,47
314,Georges,Weber,M,40
530,Odette,Valentin,F,39
1183,Paulette,Guillet,F,40
822,Susan,Faivre,F,73
662,Henriette,Lebreton,F,70
1137,Madeleine,Clerc,F,73
919,Margaux,Gimenez,F,55
328,Eugène,David,M,58
701,Dominique,Pires,F,27
958,Victoire,Bigot,F,35
463,Nicolas,Bruneau,M,26
1182,Claire,Alexandre,F,32
129,Alain,Laroche,M,28
768,Danielle,Lopez,F,70
12,Paul,Weiss,M,24
576,Christelle,Lebreton,F,27
967,Sabine,Rossi,F,26
485,Thibaut,Perrot,M,39
1079,Olivie,Gosselin,F,18
67,Noël,Leblanc,M,68
586,Colette,Collin,F,44
244,William,Lebrun,M,23
47,Théophile,Perrier,M,28
550,Margaud,Vallée,F,59
519,Margot,Ferreira,F,31
428,Vincent,Garcia,M,47
736,Antoinette,Chauveau,F,59
841,Marianne,Lemonnier,F,19
1136,Philippine,Bourgeois,F,44
133,Gérard,Bruneau,M,53
1076,Marianne,Lenoir,F,59
203,Gilles,Laurent,M,57
326,Étienne,Garcia,M,45
378,Christophe,Langlois,M,47
653,Alix,Techer,F,23
107,Matthieu,Lemoine,M,59
461,Alfred,Allain,M,37
733,Stéphanie,Michel,F,54
288,Robert,Prévost,M,55
16,Thibaut,Guyon,M,68
1105,Agnès,Poirier,F,26
513,Louise,Nguyen,F,41
1051,Élisabeth,Renaud,F,35
163,Théodore,Schmitt,M,62
275,Victor,Guérin,M,38
35,Raymond,Martel,M,56
335,Gérard,Allard,M,54
1167,Suzanne,Munoz,F,46
308,Xavier,Chevalier,M,68
354,Gérard,Masson,M,68
1112,Claude,Goncalves,F,56
696,Élise,Lefebvre,F,45
474,David,Arnaud,M,30
1166,Paulette,Garnier,F,49
868,Lucy,Jacob,F,44
858,Colette,Mathieu,F,24
299,Noël,Bruneau,M,48
597,Manon,Georges,F,37
716,Margot,Ledoux,F,73
22,Marc,Fontaine,M,36
393,Bernard,Lelièvre,M,51
1003,Pénélope,Delannoy,F,55
1029,Élisabeth,Marques,F,47
953,Catherine,Pineau,F,47
231,Gilbert,Courtois,M,73
400,Théodore,Monnier,M,37
988,Anastasie,Gosselin,F,19
265,Thierry,Besnard,M,31
21,Paul,Ferreira,M,20
215,Victor,Boucher,M,45
624,Célina,Collin,F,25
286,Gilbert,Boulay,M,34
418,René,Faivre,M,56
723,Henriette,Imbert,F,55
1177,Philippine,Raynaud,F,24
1020,Antoinette,Diaz,F,66
514,Margot,Fischer,F,71
57,Maurice,Thomas,M,24
191,Noël,Hoarau,M,22
298,Roland,Arnaud,M,28
1125,Margaret,Barbe,F,24
1059,Alexandria,Faure,F,25
343,Maurice,Blanchet,M,57
207,Bertrand,Chrétien,M,41
689,Claire,Fischer,F,30
516,Dorothée,Durand,F,26
602,Margot,Valette,F,36
534,Michèle,Toussaint,F,62
825,Valérie,Fabre,F,51
309,Émile,Tessier,M,65
457,Robert,Delaunay,M,63
1131,Claire,Marie,F,18
924,Sabine,Mahe,F,27
836,Juliette,Maillard,F,57
332,Éric,Bouvet,M,56
1026,Anaïs,Vincent,F,60
1096,Alexandria,Ramos,F,37
1214,Laure,Chauvet,F,57
1146,Céline,Blot,F,18
1165,Claire,Pichon,F,73
486,Roland,Lopez,M,46
706,Madeleine,Jacques,F,18
656,Laetitia,Hamel,F,73
403,Gilbert,Brunet,M,64
305,Thomas,Lecoq,M,51
799,Henriette,Perrot,F,51
595,Adélaïde,Michel,F,54
169,David,Jacquet,M,63
108,Franck,Martins,M,47
1145,Audrey,Aubert,F,32
525,Josette,Carre,F,34
54,Xavier,Duval,M,62
611,Claudine,Carpentier,F,66
625,Célina,Baudry,F,68
355,Théophile,Fontaine,M,21
582,Alice,Fontaine,F,57
172,Antoine,Ramos,M,64
601,Lucy,Morvan,F,26
1052,Emmanuelle,Leclercq,F,57
1043,Agnès,Picard,F,59
533,Patricia,Couturier,F,22
1018,Diane,Thierry,F,30
666,Margot,Gomes,F,64
402,Philippe,Godard,M,63
202,Julien,Brunet,M,46
204,Honoré,Ferreira,M,40
70,Denis,Michaud,M,65
1158,Sylvie,Fleury,F,19
497,Matthieu,Berger,M,59
982,Margot,Lemaire,F,27
196,Thibault,Gros,M,62
939,Amélie,Lemaire,F,50
118,Auguste,Boulay,M,56
358,Olivier,Raynaud,M,54
291,Maurice,Laine,M,31
263,Richard,Laurent,M,36
628,Brigitte,Richard,F,46
126,Robert,Guérin,M,37
570,Frédérique,Toussaint,F,34
420,Maurice,Boucher,M,73
233,Joseph,Grégoire,M,38
629,Aurélie,Godard,F,18
1175,Christiane,Gauthier,F,64
496,Noël,David,M,42
342,Robert,Goncalves,M,50
71,Thomas,Duval,M,64
605,Jacqueline,Lefort,F,46
295,Xavier,Bonnet,M,45
1097,Margaud,Langlois,F,60
459,William,Martins,M,66
1031,Émilie,Ramos,F,35
505,Andrée,Grégoire,F,67
386,Emmanuel,Fernandez,M,23
479,Arthur,Da Costa,M,36
660,Élise,Maurice,F,73
432,Gérard,Charles,M,37
823,Paulette,Chartier,F,69
856,Paulette,Michel,F,35
225,Xavier,Laine,M,38
1129,Maggie,Wagner,F,60
333,René,Berger,M,71
773,Astrid,Guillaume,F,23
1151,Sylvie,Ledoux,F,43
1184,Adélaïde,Chartier,F,20
551,Claudine,Gros,F,25
313,Noël,Cohen,M,49
330,Jacques,Delaunay,M,32
704,Andrée,Peltier,F,29
236,Éric,Brunet,M,51
1010,Louise,Bonnet,F,31
632,Christelle,Parent,F,35
336,Hugues,Dufour,M,42
862,Agnès,Legrand,F,50
1186,Anaïs,Delorme,F,52
907,Sophie,Tanguy,F,72
160,Jacques,Gillet,M,69
748,Madeleine,Langlois,F,71
976,Michelle,Dupuy,F,60
135,William,Roy,M,65
956,Lucy,Perez,F,51
220,Marc,Mace,M,64
577,Geneviève,Allard,F,46
769,Lorraine,Marty,F,22
462,Victor,Cordier,M,61
1118,Aurélie,Leroux,F,23
775,Margot,Nguyen,F,50
1005,Agnès,Lombard,F,62
1176,Céline,Peltier,F,22
273,Henri,Sauvage,M,55
318,Marc,Bègue,M,32
94,Patrick,Moreno,M,64
926,Mathilde,Masson,F,59
636,Inès,Gillet,F,27
1132,Claude,Mallet,F,39
1025,Juliette,Guichard,F,26
1085,Audrey,Rodrigues,F,34
424,Denis,Pires,M,54
61,Frédéric,Valette,M,71
367,Martin,Grondin,M,48
337,Gabriel,Petit,M,40
972,Stéphanie,Maillard,F,62
556,Constance,Gomes,F,26
529,Lucie,Monnier,F,34
468,Thierry,Mace,M,64
838,Maryse,Carre,F,51
389,Philippe,Peron,M,66
85,Charles,Fournier,M,67
366,Thibaut,Colin,M,31
1088,Renée,Pires,F,25
517,Chantal,Lemaire,F,24
426,Denis,Renard,M,62
1193,Alex,Gautier,F,58
721,Adrienne,Guyon,F,27
745,Élisabeth,Menard,F,30
1111,Marthe,Godard,F,66
1030,Véronique,Fernandez,F,69
11,Arthur,Colin,M,24
440,Benjamin,Clerc,M,54
699,Aurélie,Boulanger,F,68
1192,Lorraine,Leclerc,F,60
1206,Camille,Arnaud,F,56
714,Lorraine,Perez,F,59
621,Marthe,Antoine,F,36
850,Marie,Cohen,F,63
502,Christelle,Vaillant,F,67
751,Margaux,Le Gall,F,48
149,Frédéric,Lemonnier,M,73
593,Laure,Durand,F,63
730,Claire,Joseph,F,56
74,Yves,Pelletier,M,50
266,Théophile,Bertrand,M,39
131,Michel,Hernandez,M,51
787,Gabrielle,Marques,F,39
401,Éric,Rey,M,45
1001,Maggie,Rodriguez,F,45
198,Adrien,Becker,M,59
1056,Céline,Cousin,F,25
564,Colette,Lacombe,F,47
853,Margaret,Prévost,F,39
293,Thierry,Cordier,M,21
755,Anaïs,Allard,F,72
948,Margot,Renard,F,72
905,Élise,Maurice,F,30
1023,Isabelle,Blanc,F,35
111,Joseph,François,M,47
1014,Agnès,Leroy,F,68
25,Rémy,Allard,M,18
747,Marie,Mendès,F,63
981,Amélie,Hoareau,F,66
105,Honoré,Seguin,M,49
1205,Marianne,Lebreton,F,59
985,Jacqueline,Guillaume,F,19
873,Thérèse,Thibault,F,40
807,Juliette,Pichon,F,44
507,Odette,Arnaud,F,66
735,Claudine,Loiseau,F,41
1157,Adèle,Guilbert,F,52
937,Noémi,Da Silva,F,40
717,Marguerite,Ferrand,F,68
227,Marcel,Pereira,M,27
195,Christophe,Foucher,M,45
201,Yves,Clerc,M,38
399,Laurent,Roux,M,48
124,Alexandre,Berthelot,M,26
274,Denis,Blanc,M,66
323,Daniel,Lefèvre,M,46
144,Rémy,Pereira,M,60
527,Marie,Robert,F,19
145,Honoré,Clerc,M,41
610,Lucy,Rivière,F,53
732,Suzanne,Dumont,F,69
687,Marine,Daniel,F,25
475,David,Devaux,M,48
495,Gérard,Bazin,M,31
1075,Marine,Langlois,F,37
73,Isaac,Traore,M,32
574,Aurélie,Briand,F,64
878,Aurore,Philippe,F,26
1044,Olivie,Bourdon,F,30
267,Frédéric,Boulay,M,31
1174,Céline,Ollivier,F,71
385,Michel,Lecoq,M,70
69,Robert,Pichon,M,55
990,Inès,Dijoux,F,46
59,Daniel,Blin,M,26
623,Henriette,Lebrun,F,60
279,Théodore,Jean,M,26
24,Martin,Bertrand,M,62
932,Émilie,Gallet,F,38
209,Thibaut,Vidal,M,44
97,Denis,Martins,M,53
1124,Michèle,Bazin,F,57
7,Raymond,Faivre,M,29
344,Richard,Giraud,M,54
974,Michelle,Samson,F,41
765,Adèle,Chauveau,F,32
557,Caroline,Allard,F,41
346,Martin,Vallet,M,23
451,Gilles,Guillou,M,60
707,Pénélope,Lucas,F,18
210,Philippe,Fontaine,M,61
810,Louise,Leconte,F,21
520,Marianne,Colas,F,29
448,Marc,Hervé,M,61
758,Caroline,Rousseau,F,38
1159,Geneviève,Normand,F,47
86,Alfred,Boyer,M,22
820,Adèle,Bourdon,F,34
152,Vincent,Huet,M,19
941,Hélène,Besnard,F,64
88,Christophe,Giraud,M,60
1140,Catherine,Ramos,F,24
390,Guillaume,Rodrigues,M,27
846,Anouk,Traore,F,56
761,Virginie,Masson,F,59
1199,Amélie,Bourdon,F,66
641,Geneviève,Valentin,F,62
688,Virginie,Blanchard,F,45
684,Adélaïde,Texier,F,26
1187,Adélaïde,Dijoux,F,22
826,Océane,Maillard,F,34
423,Bernard,Morel,M,71
270,Gérard,Guyot,M,18
2,Aimé,Besnard,M,38
284,Gérard,Michaud,M,33
808,Alexandrie,Guillot,F,26
851,Christiane,Cousin,F,49
30,Tristan,Denis,M,47
880,Aurélie,Peron,F,29
842,Valentine,Dupuy,F,23
964,Océane,Guyot,F,63
91,David,Gay,M,54
125,Thierry,Tessier,M,60
1087,Pauline,Roussel,F,42
559,Margaret,Marchand,F,71
1039,Jeannine,Costa,F,20
92,Benoît,Pruvost,M,51
1109,Adèle,Poulain,F,68
380,Pierre,Fouquet,M,41
481,Maurice,Lambert,M,53
154,Guy,Couturier,M,30
805,Amélie,Weber,F,58
304,Philippe,Pelletier,M,44
876,Julie,Pereira,F,52
548,Aurore,Da Costa,F,66
1127,Colette,Fournier,F,45
1213,Patricia,Boulay,F,27
409,Maurice,Munoz,M,38
631,Lorraine,Grenier,F,39
616,Laurence,Sanchez,F,50
100,Olivier,Jacquot,M,62
1055,Clémence,Baudry,F,55
642,Valentine,Lopes,F,42
702,Martine,Dijoux,F,42
489,Benoît,Chartier,M,50
813,Virginie,Lesage,F,58
240,William,Gay,M,34
743,Inès,Philippe,F,50
159,Alfred,Guichard,M,53
962,Anastasie,Lopes,F,19
815,Henriette,Alves,F,41
143,Émile,Duhamel,M,60
954,Claude,Laporte,F,53
1185,Michelle,Dijoux,F,30
1113,Jeannine,Langlois,F,19
5,Rémy,Poirier,M,73
1013,Julie,Fischer,F,72
156,Alexandre,Delahaye,M,58
1074,Jeanne,Garnier,F,59
913,Marcelle,Masse,F,19
280,Vincent,Buisson,M,31
50,Bernard,Coulon,M,50
283,William,Delorme,M,46
867,Andrée,Gérard,F,72
164,Louis,Garcia,M,73
237,Raymond,Lebrun,M,23
895,Céline,Besnard,F,57
900,Éléonore,Benard,F,58
356,Grégoire,Leroux,M,44
639,Nath,Guillot,F,37
518,Marcelle,Gilles,F,30
604,Édith,Delattre,F,48
1142,Jacqueline,Paul,F,60
542,Emmanuelle,Costa,F,60
933,Gabrielle,Daniel,F,45
843,Philippine,Raymond,F,55
1209,Laetitia,Tanguy,F,63
840,Agathe,Pichon,F,64
1046,Antoinette,Torres,F,63
686,Odette,Merle,F,22
950,Dominique,Texier,F,64
526,Jeannine,Lombard,F,24
829,Aimée,Poirier,F,70
72,Stéphane,Lemaire,M,42
731,Mathilde,Antoine,F,32
830,Alex,Potier,F,68
973,Véronique,Rivière,F,49
1099,Alix,Legros,F,46
545,Célina,Hernandez,F,68
453,Hugues,Wagner,M,64
909,Mathilde,Louis,F,50
1169,Dorothée,Moulin,F,22
1148,Aurore,Rocher,F,42
255,Thibault,Lenoir,M,30
739,Laetitia,Lagarde,F,50
235,Robert,Nicolas,M,67
499,Mathilde,Samson,F,64
75,Léon,Fouquet,M,54
44,Julien,Lesage,M,58
80,Benjamin,Bègue,M,52
252,Laurent,Imbert,M,41
614,Renée,Blot,F,46
814,Maryse,Perrin,F,55
646,Alex,Carlier,F,64
376,Gabriel,Bonnin,M,19
734,Marthe,Morvan,F,65
90,Guillaume,Durand,M,23
1071,Margaret,Maillot,F,57
809,Arnaude,Royer,F,69
87,Philippe,Gallet,M,66
877,Céline,Pereira,F,24
1098,Luce,Dupré,F,73
921,Anouk,Thierry,F,43
588,Paulette,Grenier,F,31
668,Marguerite,Barre,F,56
673,Jeannine,Henry,F,70
42,Zacharie,Traore,M,72
122,Emmanuel,Maurice,M,34
700,Suzanne,Pichon,F,51
211,Marcel,Didier,M,58
345,Philippe,Schneider,M,34
583,Simone,Maury,F,32
966,Agnès,Royer,F,47
571,Claudine,Royer,F,45
1040,Marcelle,Langlois,F,51
537,Agnès,Munoz,F,60
727,Aurélie,Moreno,F,70
1064,Luce,Lenoir,F,49
31,Lucas,Legros,M,53
766,Michelle,Bertin,F,50
490,Frédéric,Coste,M,36
553,Valentine,Barthelemy,F,55
778,Margot,Grégoire,F,37
277,Marcel,Lejeune,M,65
1034,Margot,Lelièvre,F,20
901,Marine,Boutin,F,38
515,Philippine,Carpentier,F,61
297,Hugues,Thibault,M,25
433,Éric,Boutin,M,54
45,Alfred,Guichard,M,39
112,Arthur,Gillet,M,41
834,Isabelle,Bigot,F,34
797,Luce,Ramos,F,46
384,Zacharie,Maury,M,36
1070,Constance,Evrard,F,46
477,Léon,Guillaume,M,34
170,Joseph,Picard,M,69
452,Roger,Perez,M,65
839,Suzanne,Dupuis,F,26
351,Georges,Meyer,M,50
48,Gabriel,Poirier,M,26
1207,Marine,Giraud,F,60
693,Marie,Mendès,F,65
287,Nicolas,Jourdan,M,45
473,Thibault,Peltier,M,52
362,Joseph,Chauvin,M,60
294,Grégoire,Bodin,M,64
127,Jules,Goncalves,M,53
14,Louis,Gros,M,50
161,Honoré,Legrand,M,44
521,Élise,Bigot,F,53
800,Christine,Techer,F,56
892,Danielle,Chevalier,F,38
993,Hortense,Perrin,F,63
1121,Inès,Diallo,F,50
443,Pierre,Caron,M,54
899,Paulette,Marie,F,72
23,Alexandre,Camus,M,42
250,Daniel,Joly,M,62
491,Robert,Marty,M,58
1152,Michèle,Gomez,F,36
757,Agnès,Brunel,F,51
915,Marcelle,Roussel,F,61
970,Jacqueline,Marques,F,46
165,Antoine,Didier,M,34
456,Lucas,Antoine,M,25
1012,Margaux,Maillet,F,36
866,Maggie,Gallet,F,73
674,Camille,Godard,F,21
249,Éric,Rousseau,M,46
622,Éléonore,Pereira,F,32
449,Eugène,Lucas,M,37
908,Marianne,Robert,F,25
1017,Marthe,Roche,F,45
886,Véronique,Fontaine,F,52
1058,Thérèse,Merle,F,70
763,Madeleine,Tanguy,F,42
638,Joséphine,Blanchard,F,41
180,Bertrand,Gilles,M,33
193,René,Marchand,M,62
683,Amélie,Godard,F,41
724,Diane,Lebrun,F,62
500,Odette,Legendre,F,37
51,Christophe,Maillot,M,55
678,Nicole,Thierry,F,23
504,Aimée,Lucas,F,51
408,Édouard,Samson,M,34
965,Pénélope,Bodin,F,69
422,Christophe,Dumas,M,63
999,Constance,Pottier,F,19
1211,Jeanne,Pichon,F,23
454,Timothée,Perrot,M,62
117,Jean,Joubert,M,26
914,Lucy,Humbert,F,33
414,Maurice,Perret,M,50
431,Jacques,Ribeiro,M,22
785,Valentine,Gallet,F,42
372,Auguste,Jourdan,M,41
896,Valérie,Bernard,F,44
1011,Luce,Chartier,F,58
952,Adrienne,Maury,F,20
819,Amélie,Fernandez,F,65
756,Françoise,Bourgeois,F,71
665,Marine,Joubert,F,24
264,Charles,Perrin,M,61
1189,Alice,Vidal,F,35
591,Louise,Blanc,F,31
986,Alix,Pons,F,19
232,Honoré,Clément,M,37
150,Noël,Garcia,M,53
783,Alexandrie,Lagarde,F,62
1156,Alexandria,Perrier,F,55
859,Danielle,Clerc,F,36
713,Valérie,Duval,F,20
