prenom,nom,genre,age
Joseph,Gilles,M,43
Margaret,Blanchet,F,47
Théodore,Caron,M,37
Aurélie,Allard,F,56
Margot,Chevalier,F,35
Robert,Legros,M,23
Sabine,Chevallier,F,66
Sabine,Colas,F,50
Lucy,Ramos,F,59
Inès,Leblanc,F,22
Élisabeth,Letellier,F,51
William,Pinto,M,26
Charlotte,Pereira,F,34
Marthe,Le Goff,F,20
Aurélie,Bailly,F,59
Odette,Mallet,F,51
Manon,Meunier,F,39
Marthe,Verdier,F,31
Théodore,Bailly,M,46
Sophie,Perrot,F,20
Charlotte,Guyon,F,63
Laurence,Lefèvre,F,38
Cécile,Wagner,F,32
Emmanuel,Arnaud,M,31
Susan,Nguyen,F,69
Christine,Coulon,F,59
Stéphane,Paris,M,58
Thibaut,Poulain,M,48
Théodore,Bonneau,M,39
Madeleine,Poirier,F,66
Christine,Gomes,F,31
Michèle,Jacob,F,47
Camille,Gérard,F,58
Alain,Guillon,M,33
Marc,Lebreton,M,21
Maryse,Verdier,F,38
Élodie,Rodrigues,F,46
Brigitte,Fleury,F,70
Éric,Richard,M,37
Thibault,Valentin,M,71
Julien,Roux,M,69
Philippine,Labbé,F,47
Emmanuel,Huet,M,62
Édith,Rocher,F,42
Céline,Roche,F,39
Raymond,Breton,M,38
Lucy,Thomas,F,69
Diane,Nguyen,F,40
Emmanuelle,Gaudin,F,35
Jacques,Lemaître,M,73
Laetitia,Gautier,F,49
Lorraine,Delmas,F,18
Clémence,Gérard,F,39
Jean,Fournier,M,47
Laetitia,Leclerc,F,18
Grégoire,Pons,M,28
Céline,Maréchal,F,29
Agnès,Lévêque,F,57
Amélie,Clerc,F,39
Adèle,Cordier,F,53
Andrée,Brun,F,68
Guillaume,Duval,M,67
Matthieu,Vidal,M,48
Renée,Loiseau,F,62
Christophe,Delaunay,M,30
Claude,Raynaud,F,38
Dominique,Moulin,F,68
Bernadette,Noël,F,22
Dorothée,Alves,F,67
Claudine,Dijoux,F,18
Catherine,Denis,F,55
Jérôme,Gautier,M,72
Augustin,Pelletier,M,28
Christelle,Leconte,F,70
Margaud,Mercier,F,29
Juliette,Alves,F,56
Aurore,Pineau,F,19
Augustin,Barre,M,23
Joséphine,Marques,F,56
Camille,Hernandez,F,40
Jean,Lévy,M,62
Marianne,Caron,F,43
Jérôme,Dumont,M,53
Frédérique,Olivier,F,56
Nath,Millet,F,38
Georges,Gimenez,M,53
Margot,Delmas,F,29
Gérard,Gilles,M,62
Lucas,Charrier,M,50
Susanne,Da Silva,F,33
Julien,Blondel,M,35
Auguste,Aubert,M,46
Édouard,Guyot,M,41
Thibaut,Bazin,M,21
Noël,Marion,M,70
Corinne,Courtois,F,33
Denis,Faure,M,53
Marianne,Pineau,F,72
Louis,Girard,M,23
Dorothée,Hoarau,F,26
Aimé,Lecomte,M,28
Antoinette,Durand,F,32
Raymond,Maillot,M,22
Thomas,Antoine,M,18
Joséphine,Gilbert,F,44
Aurore,Blot,F,54
Madeleine,Bertin,F,54
Antoinette,Rousset,F,29
Cécile,Barbe,F,59
Grégoire,Loiseau,M,60
Louise,Martel,F,38
Émile,Gosselin,M,35
Stéphanie,Rolland,F,70
Gabrielle,Valette,F,43
Édith,Roy,F,28
Arnaude,Hamel,F,56
Lorraine,Labbé,F,51
Margot,Royer,F,70
Suzanne,Pons,F,50
Aurélie,Auger,F,72
Charles,Boulanger,M,69
Marine,Michel,F,27
Marine,Garcia,F,32
Gabrielle,Baron,F,29
Zoé,Laurent,F,25
Adrien,Pasquier,M,43
Bernard,Clerc,M,68
Clémence,Riou,F,38
Victor,Martineau,M,20
Joseph,Dumas,M,72
Philippine,Marques,F,60
Virginie,Morel,F,19
Thérèse,Verdier,F,31
Daniel,Cohen,M,40
Éric,Valentin,M,54
Eugène,Leduc,M,40
Corinne,Costa,F,48
Danielle,Guyot,F,54
Hortense,Meyer,F,31
Frédéric,Payet,M,24
Juliette,Langlois,F,29
Léon,Marques,M,26
Jean,Leroux,M,38
Léon,Marin,M,32
Stéphanie,Dumont,F,60
Nicole,Parent,F,33
Isaac,Fernandes,M,27
Léon,Hubert,M,19
François,Barthelemy,M,24
René,Dos Santos,M,48
Matthieu,Rivière,M,26
Édith,Fouquet,F,60
Alexandrie,Ribeiro,F,22
Rémy,Peron,M,49
Marianne,Lévêque,F,21
Pénélope,Marques,F,43
Pierre,De Sousa,M,55
Frédérique,Letellier,F,36
Frédérique,Hervé,F,24
Margot,Gros,F,66
Jean,De Oliveira,M,22
Charles,Charrier,M,48
Henri,Bourdon,M,32
Richard,Morin,M,19
Virginie,Lefebvre,F,21
Julien,Toussaint,M,32
Victoire,Michel,F,23
Gabrielle,Vidal,F,67
Susan,Fischer,F,56
Anne,Alves,F,51
Eugène,Philippe,M,41
Alain,Guyon,M,39
Michèle,Grondin,F,50
Élisabeth,Pires,F,66
Monique,Charrier,F,26
Grégoire,Lemaître,M,46
Amélie,Gauthier,F,69
Josette,Breton,F,45
Lucas,Riou,M,66
Louis,Guillon,M,46
Brigitte,Maillard,F,59
Édith,Breton,F,50
Bertrand,Colin,M,70
Grégoire,Guillaume,M,31
Frédérique,Raynaud,F,29
Pierre,Julien,M,40
Virginie,Rey,F,65
Marguerite,Lelièvre,F,67
Éric,Leleu,M,26
Xavier,Techer,M,21
Brigitte,Hernandez,F,52
Joséphine,Lacombe,F,57
Inès,Maillot,F,71
Christelle,Delaunay,F,23
Henriette,Durand,F,36
Paul,Poirier,M,47
Marcel,Lambert,M,70
Raymond,Lacroix,M,25
Richard,Pelletier,M,63
Eugène,Grondin,M,64
Antoine,Dumont,M,23
Gabrielle,Bailly,F,62
Corinne,Rolland,F,32
Michèle,Reynaud,F,55
Arthur,Boutin,M,58
Isabelle,Lejeune,F,38
Suzanne,Descamps,F,19
Lucy,Rey,F,34
Margaud,Lévêque,F,66
Honoré,Hervé,M,65
Martin,Tessier,M,47
Virginie,Deschamps,F,57
Zoé,Mallet,F,33
Georges,Guillaume,M,45
Cécile,Legendre,F,72
Maryse,Riou,F,27
Geneviève,Bruneau,F,68
Inès,Rossi,F,28
René,Maréchal,M,46
Agnès,Guérin,F,68
Jeannine,Marques,F,30
Maryse,Coste,F,36
Olivier,Picard,M,28
Arthur,Dupuy,M,34
Danielle,Bousquet,F,54
Victoire,Dubois,F,24
Roger,Faure,M,24
Aimé,Lebrun,M,50
Zacharie,Chauvet,M,18
Édith,Leroux,F,60
Gilbert,Gomez,M,30
Monique,Bertrand,F,49
Margot,Hardy,F,41
Sébastien,Guilbert,M,47
Juliette,Marie,F,24
Noémi,Evrard,F,71
Sébastien,Reynaud,M,67
Josette,Lebon,F,64
Éléonore,Delannoy,F,59
Christiane,Breton,F,35
Marguerite,Grégoire,F,29
Sébastien,Lefort,M,59
Corinne,Rolland,F,48
Alexandre,Garcia,M,52
Jules,Weber,M,51
Michèle,Grenier,F,37
Céline,Langlois,F,39
Patrick,Le Goff,M,64
Susan,Fernandez,F,48
Élodie,Bigot,F,60
Matthieu,Vallée,M,33
Victor,Laporte,M,29
Marianne,Bernier,F,55
Alix,Jean,F,58
Alfred,Mendès,M,29
Jeanne,Besnard,F,45
Édith,Vincent,F,44
Françoise,Germain,F,18
Aimée,Bouvet,F,60
Stéphanie,Maillard,F,47
Isaac,Gaudin,M,52
Benoît,Antoine,M,59
Bernadette,Aubry,F,48
Susanne,Bousquet,F,20
Laurence,Besnard,F,30
Virginie,Collin,F,66
Virginie,Boyer,F,68
Luc,Fleury,M,36
Nathalie,Millet,F,29
Alex,Guillaume,F,66
Jean,Jacquot,M,69
Alex,Launay,F,63
Margot,Besnard,F,44
Vincent,Louis,M,56
Dorothée,Garnier,F,46
Philippe,Laurent,M,57
Daniel,Allain,M,39
Corinne,Aubry,F,69
Thibault,Carre,M,52
Honoré,Maillet,M,56
Margaud,Poirier,F,40
Alix,Richard,F,35
Diane,Torres,F,68
Matthieu,Chartier,M,57
Véronique,Bodin,F,52
Susanne,De Oliveira,F,69
Susan,Godard,F,56
Susanne,Gérard,F,44
Agnès,Fontaine,F,62
Eugène,Dijoux,M,31
Noémi,Albert,F,68
Alexandria,Becker,F,29
Alex,Simon,F,39
Céline,Rodriguez,F,52
Raymond,Charrier,M,53
David,Grégoire,M,59
Arnaude,Dijoux,F,21
Nathalie,Louis,F,38
Sabine,Courtois,F,29
Madeleine,Vidal,F,57
Roger,Normand,M,65
Pierre,Devaux,M,57
Sylvie,Martin,F,63
Geneviève,Tessier,F,44
Victoire,Joubert,F,73
Yves,Briand,M,71
Frédérique,Mercier,F,39
Nathalie,Dupuy,F,45
Georges,Henry,M,73
Robert,Lemaître,M,67
Christelle,Pires,F,61
Arnaude,Pereira,F,53
Antoine,Richard,M,42
Adrienne,Pereira,F,68
Dorothée,Briand,F,42
Noël,Dumont,M,32
Claude,Maillet,F,35
Alice,Humbert,F,71
Sébastien,Fontaine,M,18
Jacques,Delmas,M,28
Jacqueline,Noël,F,32
Colette,Maury,F,60
Jeanne,Barbe,F,70
Stéphanie,Hubert,F,29
Aimé,Raynaud,M,69
Stéphanie,Rousseau,F,63
Christophe,Gaudin,M,34
Frédérique,Labbé,F,46
Gilbert,Pascal,M,66
Philippe,Grondin,M,53
François,Maillot,M,70
Alphonse,Gros,M,71
Jeanne,Boulanger,F,47
Matthieu,Guyot,M,40
Léon,Ribeiro,M,38
Anastasie,Hamon,F,43
Guy,Raynaud,M,22
Geneviève,Dufour,F,71
Jacqueline,Bertrand,F,48
Victor,Pichon,M,39
Marcel,Perrin,M,42
Gilbert,Martinez,M,20
Alexandria,Buisson,F,60
Gilbert,Le Roux,M,44
Laure,Godard,F,72
Isabelle,Charles,F,69
Thérèse,Rodriguez,F,42
Luce,Lucas,F,64
Amélie,Blanc,F,58
Brigitte,Legros,F,53
Pauline,Le Gall,F,66
Gilbert,Mallet,M,42
Arthur,Verdier,M,26
Léon,Fernandez,M,59
Guillaume,Adam,M,69
Gérard,Benoit,M,68
Amélie,Imbert,F,28
Guy,Fournier,M,51
Agathe,Guibert,F,27
Alix,Vasseur,F,37
Philippe,Nguyen,M,60
Pauline,Meyer,F,33
Marcelle,Rolland,F,39
Édith,Camus,F,54
Franck,Jacquet,M,42
Louise,Carlier,F,58
Aurore,Bertrand,F,25
Caroline,Faivre,F,23
Émile,Bazin,M,37
Suzanne,Vincent,F,34
Christiane,Chevalier,F,43
Honoré,Joly,M,45
Victor,Bernier,M,62
Aimé,Legros,M,73
Grégoire,Hamon,M,73
Suzanne,Gay,F,30
Margaux,Cousin,F,69
Vincent,Peron,M,28
Adrienne,Fouquet,F,46
Bernadette,Arnaud,F,54
Inès,Pruvost,F,60
Marcelle,Delannoy,F,28
Adélaïde,Fischer,F,71
Thomas,Auger,M,37
Vincent,Leblanc,M,55
Bernadette,Guillou,F,34
Arnaude,Chauvin,F,63
Laurence,Hervé,F,23
Zoé,Vidal,F,37
Christiane,Imbert,F,49
Rémy,Lemaître,M,69
Nicole,Vidal,F,50
Alexandre,Martin,M,19
Dorothée,Lambert,F,30
Sophie,Bousquet,F,65
Chantal,Rossi,F,18
Nathalie,Wagner,F,47
Isabelle,Maillet,F,60
Noémi,Langlois,F,65
Yves,Antoine,M,49
Denis,Pruvost,M,35
Frédéric,Da Silva,M,69
Bernadette,Pages,F,28
Monique,Godard,F,24
Matthieu,Didier,M,33
Audrey,Goncalves,F,19
Julie,Rémy,F,29
Théophile,Leconte,M,59
Zoé,Brunet,F,56
Valérie,Lecoq,F,33
Yves,Breton,M,68
Théodore,Mace,M,24
Anne,Alves,F,50
Christine,Chevallier,F,46
Alex,Lenoir,F,53
Guillaume,Martin,M,42
Astrid,Tanguy,F,49
Monique,Boulanger,F,25
Gilles,Morel,M,47
Claude,Coste,F,64
Émile,Courtois,M,53
Jacques,Royer,M,63
Stéphane,Didier,M,30
Christelle,Parent,F,51
Marie,Vaillant,F,43
René,Delaunay,M,33
Élisabeth,Rey,F,63
Corinne,Parent,F,68
Alexandrie,Guillet,F,66
Paulette,Duval,F,35
Édouard,Carre,M,22
Martine,Letellier,F,57
Jean,Lambert,M,23
Hélène,Marty,F,70
Michelle,Rémy,F,62
Jeannine,Teixeira,F,31
Camille,Garcia,F,26
Édith,Monnier,F,58
René,Lefort,M,71
François,Pichon,M,55
Olivie,Fournier,F,38
Alfred,Gonzalez,M,31
Susanne,Masson,F,39
Guy,Sauvage,M,51
Alice,Grondin,F,43
Catherine,Bertrand,F,23
Lucie,Guillaume,F,50
William,Chauveau,M,40
Théodore,Sanchez,M,21
Emmanuelle,Girard,F,30
Dorothée,Gosselin,F,56
André,Bouvier,M,70
Richard,Faure,M,46
Michèle,Raymond,F,71
Nath,Boulanger,F,26
Constance,Langlois,F,33
Céline,Leclercq,F,35
Diane,Morin,F,26
Antoinette,Garcia,F,42
Louis,Pineau,M,33
Laurence,Rocher,F,36
Claire,Grégoire,F,50
Lucy,Bourgeois,F,38
Henri,Fernandes,M,18
Susan,Devaux,F,48
Lorraine,Jourdan,F,65
Michel,Guillaume,M,19
Édith,Baron,F,58
Jacqueline,Richard,F,55
Tristan,Diaz,M,52
Gilles,Michel,M,35
Yves,Peltier,M,68
Anne,Perret,F,49
Sébastien,Legendre,M,52
Théodore,Giraud,M,30
Amélie,Becker,F,41
Isaac,Marty,M,26
Célina,Gaillard,F,23
Élodie,Duval,F,20
Anastasie,Devaux,F,22
Jacques,De Sousa,M,59
Anne,Fabre,F,62
Martin,Chauveau,M,22
Isabelle,Gilbert,F,58
Lucas,Besnard,M,19
Franck,Rossi,M,23
Gilles,Nicolas,M,52
Alain,Leclerc,M,62
William,Benoit,M,20
Lorraine,Le Gall,F,36
Tristan,Leroux,M,30
Élodie,Cousin,F,20
Daniel,Bertin,M,26
Emmanuelle,Pons,F,35
Agnès,Weber,F,24
François,Le Gall,M,30
Étienne,Barthelemy,M,43
Susan,Dupré,F,26
Bernard,Lopez,M,51
Clémence,Hebert,F,59
Antoinette,Benoit,F,41
Maggie,Loiseau,F,53
Christine,Lefebvre,F,45
Margot,Garcia,F,27
Louis,Toussaint,M,58
Laure,Blanchard,F,21
Laure,Pons,F,28
Roger,Charpentier,M,71
Catherine,Carre,F,22
Isabelle,Diaz,F,49
François,Langlois,M,32
Marcelle,Guillaume,F,73
Jules,Hoarau,M,68
Augustin,Seguin,M,27
Marcelle,Faivre,F,40
Cécile,Delmas,F,73
Maryse,Guyon,F,62
Théophile,Roy,M,27
Grégoire,Lecomte,M,27
Laetitia,Marques,F,58
Aimé,Briand,M,26
Zoé,Hoareau,F,50
Anaïs,Chevallier,F,71
Andrée,Boulay,F,64
Jeannine,Pineau,F,36
André,Hernandez,M,65
Denis,Bouchet,M,26
Amélie,Cousin,F,52
Daniel,Pereira,M,52
Agnès,Vallet,F,67
Gilbert,Lefort,M,34
Martine,Peron,F,55
Nicole,Delattre,F,53
Henri,Le Roux,M,64
Brigitte,Bourdon,F,32
Thérèse,Colas,F,32
Aimée,Cohen,F,60
Marie,Goncalves,F,56
Véronique,Bernard,F,47
Christophe,Gosselin,M,57
Alexandrie,Bodin,F,71
Corinne,Brunel,F,21
Sophie,Moreno,F,54
Andrée,Dupré,F,49
Victor,Roy,M,50
Anouk,Morvan,F,69
Vincent,Allard,M,72
Alex,Rolland,F,64
Frédéric,Bouchet,M,22
Margaud,Vincent,F,31
Emmanuel,Hervé,M,20
Émilie,Gauthier,F,43
Théophile,Michaud,M,72
Célina,Seguin,F,67
Alice,Mercier,F,30
Suzanne,Lucas,F,64
Joseph,Teixeira,M,36
Anaïs,Guillou,F,19
Claude,Pineau,F,55
Adèle,Gimenez,F,73
Julien,Mace,M,72
Alfred,Goncalves,M,44
Alphonse,Delannoy,M,28
Joséphine,Morin,F,19
Daniel,Nguyen,M,60
Adrien,Chauvet,M,71
Luce,Vasseur,F,39
Suzanne,Gay,F,66
Alexandrie,Philippe,F,26
Claude,Tessier,F,66
Thérèse,Ledoux,F,68
Maurice,Marie,M,42
Jacques,Evrard,M,21
Virginie,Moulin,F,43
William,Lagarde,M,38
Maryse,De Sousa,F,36
Anne,Bazin,F,36
François,Clément,M,36
Hortense,Leclercq,F,65
Brigitte,Faure,F,66
Sabine,Royer,F,58
Alain,Guyon,M,44
Margot,Moulin,F,24
Hortense,Leclerc,F,55
Jérôme,Valentin,M,33
Xavier,Bouvet,M,58
Jérôme,Dijoux,M,43
Virginie,Lacombe,F,20
Tristan,Dijoux,M,59
Jérôme,Lebreton,M,64
Élise,Guyot,F,37
Théophile,Legros,M,51
Adélaïde,Marie,F,19
Aurore,Benard,F,36
Suzanne,Normand,F,34
Claudine,Raymond,F,36
Raymond,Barthelemy,M,65
Louis,Prévost,M,34
Honoré,Gimenez,M,43
Rémy,Moulin,M,55
Claude,Perez,F,25
Adrien,Georges,M,38
Hugues,Laurent,M,27
Hugues,Bertin,M,48
Philippe,Hernandez,M,38
David,Delorme,M,56
Léon,Pinto,M,45
Margaux,Potier,F,38
Jérôme,Pasquier,M,24
Caroline,Bonnet,F,53
Simone,Toussaint,F,18
André,Garcia,M,71
Anouk,Marchal,F,58
Monique,Lacroix,F,45
Alfred,Noël,M,47
Agnès,Labbé,F,29
Alexandre,Brunel,M,65
Nathalie,Fernandez,F,54
Claire,Allard,F,31
Alice,Toussaint,F,24
Honoré,Vallée,M,24
Maggie,Lejeune,F,71
Christophe,Meyer,M,36
Adrien,Lesage,M,62
Margaret,Gonzalez,F,48
Adèle,Moulin,F,69
Claudine,Pierre,F,37
Susanne,Dupuis,F,33
Christiane,Leroy,F,57
Léon,Gomez,M,50
Paul,Delannoy,M,36
Luc,Didier,M,43
Valentine,Nicolas,F,70
Henriette,Besnard,F,22
Gabriel,Gonzalez,M,59
Isabelle,Martins,F,42
Michèle,Garnier,F,33
Danielle,Raynaud,F,46
Odette,Gaillard,F,24
Louis,Pons,M,69
Andrée,David,F,43
Sophie,Rolland,F,60
Frédérique,Rodriguez,F,58
Victoire,Adam,F,47
Lucy,Auger,F,35
Raymond,Letellier,M,45
Astrid,Vincent,F,42
Alain,Ruiz,M,36
David,Rolland,M,68
Océane,Dubois,F,44
Inès,Lévêque,F,46
Franck,Blin,M,73
Emmanuel,Laurent,M,60
Zoé,Diallo,F,73
Gilbert,Collin,M,55
Claude,Couturier,F,34
Paulette,Potier,F,47
Clémence,Buisson,F,64
Élodie,Thibault,F,59
Chantal,Maillot,F,71
Colette,Michel,F,24
Michelle,Delannoy,F,73
Marianne,Ferreira,F,21
Jacques,Fernandez,M,35
Nathalie,Delmas,F,30
Amélie,Laine,F,29
Monique,Da Silva,F,38
Lucy,Antoine,F,67
Laetitia,Lecoq,F,45
Victor,Guillou,M,48
Juliette,Bigot,F,69
Jeannine,Hervé,F,31
Yves,Gallet,M,62
Emmanuelle,Joubert,F,50
Monique,Germain,F,25
Suzanne,Breton,F,30
Maurice,Pichon,M,73
Lucy,Faure,F,67
Dorothée,Lebrun,F,46
Robert,Teixeira,M,44
Marcelle,Diallo,F,71
Augustin,Cohen,M,29
Thomas,Lefèvre,M,40
Adrienne,Le Gall,F,39
Thibault,Carre,M,65
Émile,Garcia,M,33
Julien,Gonzalez,M,72
Martin,Marie,M,21
Danielle,Julien,F,73
Adélaïde,Laporte,F,25
Zoé,Techer,F,49
Jeanne,Leroy,F,23
Josette,Mathieu,F,55
Maurice,Lévy,M,34
Pénélope,Lefort,F,22
Arthur,Fleury,M,52
Isabelle,Delmas,F,32
Édouard,Costa,M,29
Michelle,Morvan,F,54
Richard,Joly,M,60
Louis,Le Roux,M,29
Louis,Allain,M,31
Patricia,Ledoux,F,27
Roger,Monnier,M,73
Françoise,Colas,F,45
Adèle,Paris,F,67
Henriette,De Sousa,F,55
Clémence,Lebreton,F,46
Astrid,Rousseau,F,56
Richard,Lecomte,M,37
Jeannine,Delahaye,F,29
Renée,Picard,F,55
Simone,Lombard,F,32
Anaïs,Rivière,F,34
Capucine,Grenier,F,25
André,Lecoq,M,42
Henriette,Seguin,F,26
Michelle,Chartier,F,59
Étienne,Bigot,M,23
Michelle,Bernier,F,19
Roger,Rolland,M,60
Gabrielle,Charles,F,41
Céline,Besnard,F,36
Odette,Hardy,F,61
Nath,Toussaint,F,61
Claude,Guyot,F,51
Olivier,Thierry,M,65
Zoé,Martins,F,34
Céline,Daniel,F,33
Matthieu,Besson,M,30
Benjamin,Raymond,M,71
Paulette,Collin,F,69
Susan,Descamps,F,38
Rémy,Gaillard,M,56
Pénélope,Bousquet,F,25
Claude,Munoz,F,23
Emmanuelle,Barbier,F,45
Luc,Denis,M,54
William,Dupré,M,72
Hortense,Coste,F,22
Amélie,Dupont,F,19
Susanne,Robert,F,20
William,Launay,M,27
Arnaude,Lebrun,F,19
Chantal,Simon,F,50
Sabine,Bousquet,F,59
Henri,Renaud,M,69
Gilles,Texier,M,52
Adélaïde,Benard,F,49
Suzanne,Leduc,F,56
Édith,Rey,F,25
Grégoire,Delmas,M,56
Auguste,Gosselin,M,33
Stéphanie,Richard,F,41
Henriette,Voisin,F,18
Clémence,Loiseau,F,41
Pauline,Jacquot,F,40
Christelle,Robin,F,52
Nicole,Germain,F,65
Alexandrie,Faivre,F,59
Marcelle,Langlois,F,52
Rémy,Besnard,M,70
Julien,Aubry,M,34
Antoinette,Ledoux,F,31
Geneviève,Lecomte,F,55
Alexandre,Poulain,M,55
Arnaude,Jacquot,F,27
Raymond,Charpentier,M,31
Victor,Noël,M,28
Sylvie,Becker,F,43
Adrien,Gomez,M,26
Matthieu,Guilbert,M,71
Bertrand,Thomas,M,58
Alphonse,Leblanc,M,53
Daniel,Rémy,M,21
Dominique,Jean,F,28
Célina,Masson,F,65
Olivie,Besson,F,59
Marie,Pierre,F,21
Michelle,Bonnet,F,59
Victoire,Coulon,F,39
Alain,Lamy,M,67
Louise,Rousset,F,62
Philippine,Morvan,F,72
Thomas,Jacob,M,52
Lucie,Bonnin,F,30
Pauline,Collet,F,63
Lucy,Laporte,F,28
Michel,Techer,M,73
Zoé,Delahaye,F,66
Célina,Fabre,F,48
Alfred,Costa,M,25
Alex,François,F,43
Alice,Diaz,F,50
Emmanuel,Clerc,M,51
Arnaude,Delattre,F,33
Andrée,Michel,F,58
Paulette,Lefebvre,F,44
Étienne,Dupont,M,23
Michelle,Tessier,F,66
Stéphane,Sanchez,M,57
Élisabeth,Marin,F,63
Zacharie,Clément,M,46
Chantal,Lopes,F,24
Astrid,Turpin,F,67
Audrey,Robin,F,28
Laure,Neveu,F,64
Marguerite,Delahaye,F,55
Roger,Carpentier,M,42
Adrien,Rossi,M,37
Alexandria,Dijoux,F,35
Caroline,Lefèvre,F,40
Sylvie,Ribeiro,F,28
Jacqueline,Moulin,F,71
Louise,Diaz,F,32
Inès,Fabre,F,43
Andrée,Humbert,F,60
Célina,Sanchez,F,59
Anaïs,Verdier,F,63
Philippine,Laroche,F,50
Amélie,Mercier,F,62
Suzanne,Briand,F,26
Honoré,Rodrigues,M,30
Frédéric,Breton,M,28
Richard,Guyon,M,73
Martin,Leclercq,M,55
Stéphane,Hamon,M,34
Aurélie,Le Roux,F,52
Franck,Delaunay,M,60
Sophie,Barre,F,49
Maurice,Vallée,M,66
Aimée,Imbert,F,39
Julie,Maurice,F,22
Gilles,Chauvet,M,28
Joseph,Vallée,M,35
Émile,Jacquet,M,22
Dominique,Millet,F,28
Alice,Lefebvre,F,23
Chantal,Carlier,F,64
Adélaïde,Pinto,F,25
Mathilde,Alexandre,F,54
Émile,Lopes,M,38
Corinne,Dias,F,20
Alphonse,Hamel,M,51
Michel,Julien,M,70
Célina,Monnier,F,35
André,Huet,M,40
Danielle,Chrétien,F,61
Sylvie,Michaud,F,71
Anouk,Pereira,F,23
Vincent,Potier,M,57
Édith,Blanchard,F,19
Élisabeth,Verdier,F,54
William,Schneider,M,56
Nathalie,Aubert,F,60
Richard,Cordier,M,29
Marine,Vincent,F,58
Michèle,Petitjean,F,26
Lucie,Gillet,F,25
Manon,Maillard,F,48
Marthe,Valentin,F,38
Céline,Blondel,F,45
Marthe,Sauvage,F,33
Alexandrie,Fernandes,F,73
Henri,Gaudin,M,47
Frédérique,Gomez,F,18
Yves,Lecoq,M,18
Yves,Fleury,M,61
Jacques,Roger,M,43
Jeannine,Raymond,F,40
Andrée,Laporte,F,23
Lucie,Hoareau,F,38
Robert,Bonneau,M,67
Paul,Brunet,M,44
Margot,Besson,F,27
Zoé,Grondin,F,35
Marc,Chartier,M,45
William,Barbe,M,38
Maggie,Fernandes,F,42
Augustin,Pruvost,M,38
Marcel,Bourgeois,M,19
Stéphane,Gauthier,M,21
Guillaume,Thomas,M,49
Thérèse,Ramos,F,39
Lucas,Regnier,M,54
Patricia,Raynaud,F,54
Étienne,Laporte,M,73
Édith,Bouchet,F,23
Aurore,Neveu,F,31
Margaux,Arnaud,F,48
Christophe,Legendre,M,47
Camille,Maréchal,F,58
Agathe,Marin,F,32
Émile,Pires,M,53
Dominique,Daniel,F,47
Aurélie,Lemaître,F,70
Jacqueline,Tanguy,F,38
Claudine,Rousseau,F,59
Adélaïde,Carpentier,F,33
Thierry,Olivier,M,24
Paul,Blin,M,32
Suzanne,Paris,F,48
Margot,Gillet,F,49
Chantal,Poulain,F,41
Audrey,Bonnet,F,21
Martine,Coulon,F,43
Colette,Sauvage,F,40
Georges,Bazin,M,51
André,Guichard,M,65
Philippe,Martins,M,31
Honoré,Barbe,M,21
Margot,Philippe,F,53
Jeannine,Perret,F,71
Benjamin,Leduc,M,22
Honoré,Fernandes,M,25
Valentine,Allain,F,32
Éric,Boulanger,M,73
Aurore,Lucas,F,33
Olivier,Lacombe,M,27
Andrée,Boulanger,F,47
Patricia,Martins,F,69
Auguste,Torres,M,64
Bertrand,Rousseau,M,67
Laure,Petit,F,70
Éric,Samson,M,34
Susan,Martin,F,28
François,Cordier,M,63
Céline,Valette,F,71
Bernadette,Loiseau,F,43
Danielle,Bernier,F,38
Isaac,Duval,M,45
Édouard,Valette,M,51
Danielle,Barthelemy,F,51
Véronique,Gomes,F,25
Nathalie,Becker,F,50
Anouk,Besnard,F,54
Julie,Guilbert,F,18
Inès,Merle,F,67
Aimé,Robin,M,62
Célina,Brunet,F,31
Margaud,Morvan,F,44
Sabine,Fleury,F,48
Claire,Auger,F,41
Christophe,De Sousa,M,45
Georges,Blondel,M,43
Christophe,Renault,M,42
Lucy,Picard,F,30
Augustin,Lucas,M,36
Marc,Alves,M,21
Roland,Bourdon,M,61
Frédéric,Pelletier,M,26
Georges,Breton,M,31
Constance,Berthelot,F,36
Jules,Samson,M,26
Renée,Picard,F,71
Véronique,Gallet,F,34
Nathalie,Boulanger,F,59
Dorothée,Costa,F,61
Étienne,Rey,M,37
Auguste,Ollivier,M,43
Astrid,Julien,F,18
Benjamin,Hamon,M,57
Renée,Pereira,F,57
Léon,Paris,M,67
Claire,Breton,F,43
Noël,Caron,M,59
Caroline,Delorme,F,52
Victor,Lopes,M,54
Alphonse,Gauthier,M,22
Joseph,Blanchard,M,27
Jeanne,Vidal,F,72
Eugène,Auger,M,51
Vincent,Prévost,M,37
Charles,Besson,M,61
Alexandre,Da Silva,M,34
Léon,Joly,M,62
Susanne,Fernandez,F,28
Alphonse,Le Goff,M,72
Maurice,Sanchez,M,32
Michèle,Royer,F,18
Jérôme,Blin,M,28
Nicolas,Tessier,M,43
Bernard,Cordier,M,57
Alain,Delmas,M,58
Diane,Lamy,F,37
Bernard,Jacquet,M,72
Matthieu,Lesage,M,28
Jean,Rivière,M,40
Sophie,Carlier,F,37
Suzanne,Lambert,F,22
Joseph,Denis,M,63
Denis,Thibault,M,30
Anastasie,Dumont,F,38
Adélaïde,Fernandes,F,20
Émile,Rousseau,M,32
Michelle,Leroy,F,53
Gérard,Morel,M,64
Daniel,Renard,M,25
Roger,Jean,M,73
Grégoire,Gaillard,M,43
Jules,Bonnet,M,19
Chantal,Colas,F,31
Augustin,Lejeune,M,69
Christelle,Cohen,F,56
Raymond,Delattre,M,23
Marthe,Maréchal,F,34
Roger,Bouvet,M,45
Guy,Morvan,M,67
Mathilde,Gimenez,F,73
Vincent,Lesage,M,18
Lucas,Clément,M,38
Camille,Deschamps,F,69
Célina,Wagner,F,69
Audrey,Rémy,F,54
Léon,Charpentier,M,33
Zacharie,Dubois,M,69
Anouk,Martin,F,23
David,Chauveau,M,34
Adrien,Léger,M,59
Édouard,Brunet,M,33
Bernadette,Reynaud,F,20
Eugène,Tanguy,M,55
Susanne,Becker,F,45
Édith,Jean,F,33
Éric,Faure,M,43
Clémence,Texier,F,56
Christine,Charles,F,70
Emmanuel,Bouchet,M,40
Marie,Lefebvre,F,67
Clémence,Pons,F,58
Stéphanie,Bouvier,F,19
Richard,Dumas,M,35
Christophe,Moreno,M,40
Joseph,Lebon,M,19
Alice,Vaillant,F,46
Hélène,Couturier,F,58
Honoré,Gaillard,M,29
Andrée,Ramos,F,23
Auguste,De Oliveira,M,25
Marc,Mercier,M,58
Suzanne,Guillou,F,48
Léon,Jacques,M,54
Élisabeth,Morel,F,30
Antoine,Raymond,M,53
Paulette,Perez,F,73
William,Fernandez,M,21
Laurent,Ollivier,M,69
Laurent,Besson,M,73
Hugues,Jean,M,23
Michelle,Dumont,F,52
Margot,Leroux,F,42
Anouk,Carlier,F,64
Suzanne,Moreau,F,18
Maryse,Giraud,F,43
Robert,Grondin,M,61
Paulette,De Sousa,F,35
Alexandria,David,F,68
Catherine,Pichon,F,64
Roland,Lacombe,M,68
Jacques,Alexandre,M,68
Olivier,Carpentier,M,71
Océane,Bonneau,F,21
Eugène,Becker,M,48
William,Hubert,M,62
Alexandre,Marchand,M,21
Sabine,Rey,F,72
Richard,Menard,M,39
Martine,Dias,F,57
Andrée,Weiss,F,26
Alexandria,Masson,F,71
Édouard,Boulay,M,70
Matthieu,Blanchet,M,51
Noël,Lelièvre,M,61
Franck,Pages,M,21
Céline,Mercier,F,71
Joseph,Clerc,M,31
Frédérique,Fabre,F,72
Arthur,Guillot,M,22
Paul,Guérin,M,53
Bernard,Colas,M,22
Noël,Philippe,M,28
Catherine,Jean,F,21
Adélaïde,Poirier,F,23
William,Allain,M,27
Lucy,Fontaine,F,54
Léon,Jacob,M,43
Audrey,Texier,F,64
Océane,Clément,F,65
Gérard,Guillot,M,47
Théodore,Bodin,M,50
Valentine,Aubry,F,56
Frédérique,Pierre,F,53
Anouk,Clément,F,35
Thibaut,Ollivier,M,57
Stéphanie,Le Gall,F,46
Paul,Rivière,M,30
Michèle,Gauthier,F,37
Noël,Loiseau,M,60
Joséphine,Ledoux,F,47
Christiane,Charles,F,36
Jacqueline,Courtois,F,46
Henri,Richard,M,61
Pierre,Sauvage,M,59
Paulette,Boucher,F,52
Adèle,Bodin,F,45
Mathilde,Guérin,F,37
Dominique,Sanchez,F,44
Arthur,Guilbert,M,37
Grégoire,Rodrigues,M,58
André,Lebrun,M,53
Augustin,Besnard,M,52
Denise,Georges,F,73
Renée,Rodriguez,F,37
Sabine,Cordier,F,27
Anouk,Chevallier,F,25
Michel,Dumont,M,52
Sylvie,Bazin,F,22
Catherine,Torres,F,49
Frédéric,Coste,M,65
Juliette,Berthelot,F,21
Noémi,Guillaume,F,62
Aimé,Lacroix,M,24
Éric,Guillon,M,31
Stéphane,Weber,M,63
Benoît,Mace,M,36
Benjamin,Masson,M,39
Suzanne,Humbert,F,61
Alexandrie,Baron,F,18
Océane,Navarro,F,71
Virginie,Grégoire,F,53
Lorraine,Bousquet,F,56
Arnaude,Gillet,F,60
Arnaude,Gay,F,36
Margaux,Roux,F,38
François,Leclercq,M,41
Sabine,Pichon,F,62
Michèle,Rousset,F,38
Jacques,Legendre,M,22
Agathe,Lefebvre,F,21
Camille,Gauthier,F,51
Pénélope,Payet,F,52
Adrienne,Moreno,F,72
Monique,Legendre,F,30
Louis,Dupré,M,30
Georges,Rivière,M,60
Christine,Benard,F,62
Camille,Carre,F,55
Agathe,Payet,F,69
André,Antoine,M,48
Thibaut,Laporte,M,30
Capucine,Brunel,F,65
Antoinette,Rémy,F,61
Bernadette,De Sousa,F,28
Gilbert,Potier,M,19
Julien,Guibert,M,25
Thierry,Schneider,M,45
Frédérique,Tessier,F,33
Corinne,Dijoux,F,68
Adrienne,Bousquet,F,69
Nicole,Fernandez,F,20
Christiane,Pasquier,F,33
Michelle,Schmitt,F,19
Valentine,Perrin,F,60
Édith,Techer,F,53
Éléonore,Fernandez,F,38
Antoinette,Salmon,F,52
Auguste,Martin,M,39
Marcelle,Voisin,F,50
Stéphane,Lagarde,M,43
Étienne,Bourgeois,M,20
Susanne,Becker,F,63
Agnès,Lacombe,F,20
Aimé,Dupré,M,22
Bertrand,Lelièvre,M,51
Nath,Robert,F,32
Susanne,Guichard,F,38
Bertrand,Blanchet,M,21
Capucine,Pascal,F,61
Célina,Gauthier,F,46
Raymond,Michel,M,20
David,Renard,M,55
Camille,Antoine,F,48
Suzanne,Lefèvre,F,29
Adélaïde,Diallo,F,69
Marie,Lombard,F,68
Corinne,Fontaine,F,39
Lucas,Lenoir,M,70
Margot,Dos Santos,F,43
Jérôme,Charles,M,31
Margot,Cordier,F,63
Gabriel,Delannoy,M,21
Yves,Klein,M,63
Jules,Couturier,M,31
Émile,Dupuy,M,31
Margot,Ollivier,F,28
Marie,Ollivier,F,32
Manon,Charrier,F,33
Adèle,Gay,F,67
Suzanne,Joseph,F,52
Bernadette,Gilbert,F,38
Anne,Joseph,F,50
Laurence,Philippe,F,54
Antoine,Lucas,M,57
Hélène,Gros,F,26
Grégoire,Moulin,M,64
Théophile,De Oliveira,M,36
Juliette,Meunier,F,69
Richard,Carlier,M,38
Joséphine,Maillard,F,64
Guy,Gilles,M,50
Amélie,Besnard,F,18
Marie,Guillon,F,36
Célina,Ferrand,F,26
Bertrand,Bègue,M,51
Gabriel,Gomez,M,62
