Categorie,Produit,EAN_ano,Prix_produit
Boissons, Bière blonde,2264541478651595169,3.220149454755859
Boissons, Bière blonde,2979270589680967319,0.8658754792981829
Boissons, Bière blonde,3579635312878738168,1.2873460902904474
Boissons, Bière blonde,4821665927323460559,1.4972091171702586
Boissons, Bière blonde,7752671459772549538,1.7384129066763054
Boissons, Bière brune,68830518497714234,2.7234316243510333
Boissons, Bière brune,2896823354724178191,1.5036341195397143
Boissons, Bière brune,2985491113912175471,1.322568864804393
Boissons, Bière brune,5770062874167856575,1.1435016225883703
Boissons, Bière brune,6630954453376507020,2.6977763496534823
Boissons, Boisson énergisante,1006446752445911344,1.8366452745128958
Boissons, Boisson énergisante,2873430894459627759,1.8869165441050373
Boissons, Boisson énergisante,2942750927143187357,1.2588049645336046
Boissons, Boisson énergisante,6309263692299780747,3.4839307612421004
Boissons, Boisson énergisante,9077344731456141205,2.3250797935299437
Boissons, Café moulu,762734702093102824,1.582206433751523
Boissons, Café moulu,2877742733543011701,1.6645729547463355
Boissons, Café moulu,3958729596617062050,1.991307077341323
Boissons, Café moulu,5515682060086506792,0.5794056894609019
Boissons, Café moulu,8143507142170440501,1.9120528307542204
Boissons, Café soluble,30773826287340543,3.1918089078506116
Boissons, Café soluble,380113717085936253,2.1839361629821537
Boissons, Café soluble,4664902309018404365,1.8071753460827054
Boissons, Café soluble,5763005676032321071,2.105528776238725
Boissons, Café soluble,8051484287599691177,1.1198367440935537
Boissons, Eau gazeuse,10821934684021114,3.1782481281217825
Boissons, Eau gazeuse,570131034150471860,3.8663470167486444
Boissons, Eau gazeuse,4378122856250882037,1.519930672581653
Boissons, Eau gazeuse,4786798048053437660,2.4036547983366368
Boissons, Eau gazeuse,7684530340256247555,2.296246475265045
Boissons, Infusions,127283521318305758,1.460952608100135
Boissons, Infusions,203471208477399194,2.7865917693351387
Boissons, Infusions,1909317009825593275,1.175912095256809
Boissons, Infusions,2359097782418654184,2.4272769093487976
Boissons, Infusions,3414766017047509330,2.3263730654378816
Boissons, Jus d'orange,2212483480978642555,1.9659515652301496
Boissons, Jus d'orange,2431537919887301405,3.8847268026669504
Boissons, Jus d'orange,3560173670845533900,2.5327725061779702
Boissons, Jus d'orange,5138069354234506992,1.5086830802696594
Boissons, Jus d'orange,6525489058952936852,0.8244993228897566
Boissons, Jus de pomme,190849893346924085,2.635076201432919
Boissons, Jus de pomme,1581592109111985026,2.487150086557514
Boissons, Jus de pomme,6387100259841544892,2.2319370021013314
Boissons, Jus de pomme,7357196685756626081,2.101061548478062
Boissons, Jus de pomme,8518718245540679491,2.8967820499359234
Boissons, Jus multi-fruits,438355585359822657,1.4987126347545465
Boissons, Jus multi-fruits,577136884477805425,1.7036055810586626
Boissons, Jus multi-fruits,3469834522689148715,2.806209477061623
Boissons, Jus multi-fruits,5204605990778490999,1.882840388859508
Boissons, Jus multi-fruits,8079497305727822876,2.206928104718757
Boissons, Lait chocolaté,811695148038382931,1.303099099432076
Boissons, Lait chocolaté,833150295676003235,1.664151282807545
Boissons, Lait chocolaté,2809124383570218822,2.2714530492536884
Boissons, Lait chocolaté,3685414792909161379,1.892337343360258
Boissons, Lait chocolaté,4406261564101231369,2.569057914391625
Boissons, Limonade,1107008686670917811,1.8780746190808837
Boissons, Limonade,1549911727525583775,1.1505605906152323
Boissons, Limonade,4116412218816091031,1.7434734749532603
Boissons, Limonade,5407051754425410374,1.7504698456640544
Boissons, Limonade,5925639182285620967,1.7710032663783526
Boissons, Sirop de grenadine,577250770557746498,1.2967165796950804
Boissons, Sirop de grenadine,1777075443009769473,1.0394613605052387
Boissons, Sirop de grenadine,2611123654827161756,3.322337426580093
Boissons, Sirop de grenadine,3550991341461008440,2.1846346271329495
Boissons, Sirop de grenadine,7076565330430205381,1.8490796574787614
Boissons, Sirop de menthe,2353401109494769463,2.129675773813722
Boissons, Sirop de menthe,2398247971813008625,0.8688753746360196
Boissons, Sirop de menthe,3854571658375568497,1.5906941673497632
Boissons, Sirop de menthe,5526313644437475119,1.7686729725963166
Boissons, Sirop de menthe,8203663293565051322,1.6340712439230842
Boissons, Thé glacé,466099652291633341,1.287527876829929
Boissons, Thé glacé,1859999795936408992,1.909484942446517
Boissons, Thé glacé,5824685285526579938,1.770587208858726
Boissons, Thé glacé,7511686379883041359,2.434070212874779
Boissons, Thé glacé,8837351477066638535,3.113465329344018
Boissons, Thé noir,714754509739459631,2.369198474022586
Boissons, Thé noir,749989737942490754,1.2534211813427223
Boissons, Thé noir,3174115119510019789,1.210444428295839
Boissons, Thé noir,4189636314529315953,1.6515343433320473
Boissons, Thé noir,7573811386559384717,1.5100840429288236
Boissons, Thé vert,758144666112903365,0.5819483301074564
Boissons, Thé vert,1251140810937602895,2.1549028414869014
Boissons, Thé vert,3275179178296240247,1.1686182250378523
Boissons, Thé vert,4185093298841171067,2.056459525216028
Boissons, Thé vert,7942334927678131911,1.4691989112494461
Boissons, Vin blanc,1898696926728099903,1.3541067337515806
Boissons, Vin blanc,2402494076694767970,2.275268795558288
Boissons, Vin blanc,2438143148506175413,2.3323447332298777
Boissons, Vin blanc,2544443022344558824,1.052582812351174
Boissons, Vin blanc,7645539701636441686,2.649443409916809
Boissons, Vin rouge,2671728558909588417,1.2463094392909202
Boissons, Vin rouge,3013247302567196867,1.4194415411805332
Boissons, Vin rouge,6174246464065074212,0.935223559782626
Boissons, Vin rouge,7032754970580738976,1.8525793727339832
Boissons, Vin rouge,7425500344563540994,2.7338551965647366
Boissons,Eau plate,748738434646373311,2.382244081648863
Boissons,Eau plate,3218063401449643482,2.451986010563129
Boissons,Eau plate,3628098360522537935,2.41635379742765
Boissons,Eau plate,6492801099545901052,2.698846213383776
Boissons,Eau plate,8071167536035805421,1.7134755234418475
Boulangerie, Baguette,2043342075081755347,0.5831493714775485
Boulangerie, Baguette,2373101129822807236,1.2832094063710537
Boulangerie, Baguette,4404171738901233542,1.0784791573824455
Boulangerie, Baguette,5700282206323972874,1.0751266260354206
Boulangerie, Baguette,8104932347111210972,0.5026811301127722
Boulangerie, Brioche,2154797935785345898,0.4521447690762026
Boulangerie, Brioche,3311963935718233531,1.7214941589166493
Boulangerie, Brioche,4468728196383239943,1.0622878075853697
Boulangerie, Brioche,4989005402918441458,1.5816418683335631
Boulangerie, Brioche,7814548267667147134,1.0268366395012072
Boulangerie, Croissant,1442662014849096235,1.4272115181108551
Boulangerie, Croissant,2350788176401672113,0.9080053478776003
Boulangerie, Croissant,6628703940005967064,0.6360288279844167
Boulangerie, Croissant,7103572064169453877,1.104640255142806
Boulangerie, Croissant,9119613675609592053,1.633875861476338
Boulangerie, Muffin,3631343878562371137,1.1387978398082268
Boulangerie, Muffin,4301207985803398033,0.7807640184661346
Boulangerie, Muffin,5042977348112104708,1.1974319735118792
Boulangerie, Muffin,7625375013052604666,1.6137003457076808
Boulangerie, Muffin,9121643741731995910,0.785245901316969
Boulangerie, Pain au chocolat,1040638099931595404,0.8800076056985255
Boulangerie, Pain au chocolat,1568704969617801797,0.4
Boulangerie, Pain au chocolat,1820724220797546096,0.9386834761843261
Boulangerie, Pain au chocolat,5907474206513441747,0.9405091350860152
Boulangerie, Pain au chocolat,6705395838275805769,0.9715229625601656
Boulangerie, Pain aux céréales,614051026872296589,0.6530507132447929
Boulangerie, Pain aux céréales,2673051428329114878,0.9207829465968278
Boulangerie, Pain aux céréales,3499993029250314279,0.749152121322386
Boulangerie, Pain aux céréales,3864196519790547552,1.2096932410745465
Boulangerie, Pain aux céréales,4955224573534135494,0.4514246074419417
Boulangerie, Pain blanc,30312147688242179,0.7640838519383912
Boulangerie, Pain blanc,588590269185772461,1.2211141407018355
Boulangerie, Pain blanc,5650554674936908214,1.9155347055613943
Boulangerie, Pain blanc,8335676200287817718,1.1875487436549284
Boulangerie, Pain blanc,8840892759416367762,0.4
Boulangerie, Pain de mie,583558677119248887,1.3844107680636293
Boulangerie, Pain de mie,4223093805720234807,0.7355675825231675
Boulangerie, Pain de mie,4352417363841958279,0.8189136515273389
Boulangerie, Pain de mie,4946301137315272538,1.220882117017711
Boulangerie, Pain de mie,5428753005953087921,0.6898470192935372
Boulangerie, Tortilla,57745533304075689,0.7055752065728413
Boulangerie, Tortilla,475644372396749315,1.3612590711524737
Boulangerie, Tortilla,1431387875598051298,1.2459629491529318
Boulangerie, Tortilla,4370444879949210335,1.1740929220693186
Boulangerie, Tortilla,7066660777004855033,0.790528469849299
Boulangerie, Wraps,236344530812969426,0.7610245033422433
Boulangerie, Wraps,3220291156076109889,1.151989734572433
Boulangerie, Wraps,4822298947690140735,1.0338364809633351
Boulangerie, Wraps,5532563388059687405,1.3479403953759448
Boulangerie, Wraps,7875790853024471336,0.9205366054343755
Boulangerie,Pain complet,547084717729884226,1.165074216552873
Boulangerie,Pain complet,1760393458863915837,1.444287072283633
Boulangerie,Pain complet,5403288355807576593,0.9149860814545486
Boulangerie,Pain complet,8194760324442301340,0.7065724050470563
Boulangerie,Pain complet,9179487868140608745,0.8405772783597739
Conserves, Champignons en boîte,4673492630908188878,1.7202554962986911
Conserves, Champignons en boîte,4887004361078314285,2.113450448145465
Conserves, Champignons en boîte,5687239247494981934,1.3702116200548649
Conserves, Champignons en boîte,6091264809553966145,1.9034594277761872
Conserves, Champignons en boîte,8664588862935240491,1.6144308503075389
Conserves, Compote de pommes,417094663134258574,1.078024871726719
Conserves, Compote de pommes,1704602446264124744,2.0392538363480273
Conserves, Compote de pommes,4113017741342954844,1.8983477112293163
Conserves, Compote de pommes,5113076029789405958,1.55858834813034
Conserves, Compote de pommes,5142453119352827940,1.3595243093029308
Conserves, Cornichons,2051083012536384826,1.8174144644826182
Conserves, Cornichons,3158575379675103076,2.119576639487129
Conserves, Cornichons,3759633761791399116,0.9102163703441303
Conserves, Cornichons,7089186895942731393,1.9089398114396365
Conserves, Cornichons,8651639402609993236,1.7520914432555381
Conserves, Haricots rouges,1883199664951730454,0.7696044114571438
Conserves, Haricots rouges,4962916493427500717,0.4
Conserves, Haricots rouges,5217836482643700417,1.7152075448014372
Conserves, Haricots rouges,6353521910711161783,1.830464087242298
Conserves, Haricots rouges,8039886480139327640,0.6637772925555535
Conserves, Maïs en conserve,545872014904829087,1.6901634340889036
Conserves, Maïs en conserve,2963579634685823237,1.747372964968911
Conserves, Maïs en conserve,4519399503929975315,1.9486754993749287
Conserves, Maïs en conserve,6505209472126571470,2.256720600719869
Conserves, Maïs en conserve,6877866364150586390,1.984043233477666
Conserves, Moutarde,2216917028316443046,1.646759254610879
Conserves, Moutarde,3948775315620615095,0.6171957774322083
Conserves, Moutarde,5706895338687786153,2.478196632341559
Conserves, Moutarde,8265672947389294487,0.9144121656009485
Conserves, Moutarde,8549936571679041241,2.0695817704328014
Conserves, Olives noires,358977610402000100,1.119657703449854
Conserves, Olives noires,3075108547324304805,1.391750371815441
Conserves, Olives noires,5061214021939948042,0.4094675694626684
Conserves, Olives noires,6271378164803714862,1.1122722592481409
Conserves, Olives noires,8253665794644063293,1.011496651761164
Conserves, Olives vertes,2145819880780318618,2.175682023397334
Conserves, Olives vertes,3257171361205318224,1.7653030509127974
Conserves, Olives vertes,5789399187983305303,1.4974384613394176
Conserves, Olives vertes,6644320179957975351,1.8090672775105885
Conserves, Olives vertes,8363025688219228445,1.45518690540411
Conserves, Pois chiches en conserve,4224502252732787979,1.0405095031422364
Conserves, Pois chiches en conserve,4729009810798028547,1.2827508006218924
Conserves, Pois chiches en conserve,4853466473408736905,2.1198429085285997
Conserves, Pois chiches en conserve,5623175766870140354,1.610599297590111
Conserves, Pois chiches en conserve,6373866962694234964,1.4663492116396766
Conserves, Ratatouille en conserve,698084595395981379,1.4800453445162136
Conserves, Ratatouille en conserve,1126256761147774169,1.4706737101106175
Conserves, Ratatouille en conserve,2642355549962113370,1.4520735076204656
Conserves, Ratatouille en conserve,5762625516097633806,1.99745207460343
Conserves, Ratatouille en conserve,9155259191996778401,2.204010763499111
Conserves, Sardines en conserve,1902379397794535071,2.0457381651687143
Conserves, Sardines en conserve,3056368963684411870,0.5971718545560447
Conserves, Sardines en conserve,4402441628200486825,1.9059654139948425
Conserves, Sardines en conserve,4779564066919268639,1.8869144198434007
Conserves, Sardines en conserve,5863270389387302977,2.5013668423318673
Conserves, Sauce pesto,779611700859104308,1.0959609714621414
Conserves, Sauce pesto,2137068738710814973,0.9649032805474504
Conserves, Sauce pesto,5959205714152911287,2.066345275277275
Conserves, Sauce pesto,6703358020813014935,1.3700063312864161
Conserves, Sauce pesto,8533991611516399964,2.204214926500434
Conserves, Sauce tomate,323712292187274623,0.7870263838169127
Conserves, Sauce tomate,1713733494736138677,2.0668570301346256
Conserves, Sauce tomate,2447749556914782709,1.2063340961657754
Conserves, Sauce tomate,4711055150201217232,1.4671007021405782
Conserves, Sauce tomate,6463427349022625516,2.1919606351123786
Conserves, Soupe en conserve,3310854698014143381,1.438311096816556
Conserves, Soupe en conserve,4884715749712084916,1.3276984327775687
Conserves, Soupe en conserve,6409233082067792631,1.5604584210744148
Conserves, Soupe en conserve,7241415100874089224,1.6890746009173065
Conserves, Soupe en conserve,7557894208247364796,0.47550862391534765
Conserves, Thon en boîte,1385047739477137733,1.8852503350482455
Conserves, Thon en boîte,4715387514670944350,1.2807084617750335
Conserves, Thon en boîte,5546799635032566418,1.741434639373144
Conserves, Thon en boîte,7283091629934287070,1.935301771452911
Conserves, Thon en boîte,8195706528261658834,0.9336029382695296
Conserves,Tomates pelées,1251469539479191578,1.0451464692833368
Conserves,Tomates pelées,1882914454961589914,0.4
Conserves,Tomates pelées,3907486609571468867,1.5600393403461241
Conserves,Tomates pelées,6191177072161744722,1.0842170283401664
Conserves,Tomates pelées,7812006684234404344,1.1967535708738801
Fruits, Abricot,683895254415825573,2.3048085842351655
Fruits, Abricot,1005637519499779299,4.086233752584751
Fruits, Abricot,1791754628376795443,2.4647874365251004
Fruits, Abricot,4871506151172896379,3.085354838759261
Fruits, Abricot,5239114273133698669,3.0601371136346325
Fruits, Ananas,898495529638960263,2.3891772810030902
Fruits, Ananas,2795170582225208556,4.359731425958981
Fruits, Ananas,5171953400140639113,3.5965833139140675
Fruits, Ananas,5730367167096094378,3.694927330068597
Fruits, Ananas,7509838711968107109,2.5560965935457958
Fruits, Banane,2596316852813652555,2.1231475328696066
Fruits, Banane,4164895248383123898,3.107526564488779
Fruits, Banane,5410353565636137969,1.747396964719594
Fruits, Banane,6049194872580041735,2.2562157622560473
Fruits, Banane,7390755725213631887,2.9142152312156204
Fruits, Cerise,41913081167414527,3.3795399263635466
Fruits, Cerise,863951321826291331,4.402283836271698
Fruits, Cerise,5025348684547710275,4.083765766387604
Fruits, Cerise,6238591773800926672,3.886119854926228
Fruits, Cerise,8163162055388325282,3.9542841578111774
Fruits, Citron,1642557988240478335,4.075475630923636
Fruits, Citron,3517618027199179799,2.1123924429036567
Fruits, Citron,4776955849020646110,2.3695092705356227
Fruits, Citron,7944452925181641276,2.3001734475253643
Fruits, Citron,8705439848018609725,2.8521147516951553
Fruits, Fraise,3666216083275727503,4.0608412123480555
Fruits, Fraise,6403677056686803786,4.331635299643725
Fruits, Fraise,6556825488792485567,3.13541702518243
Fruits, Fraise,6618731356926733314,3.6307629826297387
Fruits, Fraise,8063775927644711047,1.8633075833708015
Fruits, Kiwi,1175942788843664482,2.9907241945405536
Fruits, Kiwi,1979732471705655259,3.4297786346711225
Fruits, Kiwi,6380732505556378157,2.047767890099737
Fruits, Kiwi,6821688756259555480,3.4371938646576727
Fruits, Kiwi,7622787194613122361,2.9039646867045903
Fruits, Mangue,1224763399990921062,2.032435418100104
Fruits, Mangue,4132512952981092084,3.3476950484921426
Fruits, Mangue,4484000125488747914,3.576813823697194
Fruits, Mangue,4939832918034612252,2.3269413670387014
Fruits, Mangue,8944885901989201604,4.372572261268505
Fruits, Melon,243722220552496538,3.039705793920313
Fruits, Melon,3962833616872258658,2.1784121746771
Fruits, Melon,4902034820375579301,2.651885058076947
Fruits, Melon,6711878413281601691,1.9637742058656822
Fruits, Melon,7656463956645964040,2.394107286759296
Fruits, Orange,972281229901558911,2.253588115099404
Fruits, Orange,1364234534803201093,1.1566465163746595
Fruits, Orange,3701278297760225007,4.428607775307489
Fruits, Orange,7644169292883633674,4.2897697895805385
Fruits, Orange,7666334964738716296,3.047171142568045
Fruits, Pastèque,915293029491256405,4.01768496948718
Fruits, Pastèque,2111527229427211719,3.034259611701863
Fruits, Pastèque,8746241932544152718,4.3050179376127815
Fruits, Pastèque,8901013779422514337,2.861595503176166
Fruits, Pastèque,8955662483093563234,1.4692752093164196
Fruits, Poire,831683566782225242,2.6733436114757136
Fruits, Poire,3001281145452212245,3.4979470569654443
Fruits, Poire,4778055621047947956,2.7769850704555252
Fruits, Poire,7457413862915895618,3.603315480779527
Fruits, Poire,9002712166524018744,2.1808996561705998
Fruits, Prune,998401192570361038,2.1910147529696666
Fruits, Prune,3754353787600389543,3.240696491758432
Fruits, Prune,6736563510561725512,0.877438951963188
Fruits, Prune,8213120035027537749,2.0425282871121255
Fruits, Prune,8502472657126485060,4.105179649395365
Fruits, Pêche,170528802066311829,2.5047637772791553
Fruits, Pêche,3786229385392824004,3.0790125112177664
Fruits, Pêche,5371328450978885647,3.1119548640119956
Fruits, Pêche,6407383942199828223,1.2369303081983214
Fruits, Pêche,6782554046977995765,2.74368280169741
Fruits, Raisin,888092619820793627,2.14381778813296
Fruits, Raisin,1723076443737752028,1.2713106213603598
Fruits, Raisin,1816075084197935398,3.1404578533630434
Fruits, Raisin,8337961187360223109,4.389247264123452
Fruits, Raisin,9079569454052293152,5.125496237138503
Fruits,Pomme,2131476945109205199,1.5574000567651798
Fruits,Pomme,2682301946608196541,4.679808027103495
Fruits,Pomme,3054132874407224320,1.795964765722802
Fruits,Pomme,6098597346484114817,3.1098895671183158
Fruits,Pomme,7572854428100308935,2.5057668827424227
Légumes, Ail,4144410270579037019,3.65516963301903
Légumes, Ail,5516249103966481449,3.762078425944698
Légumes, Ail,6476811631231053198,2.8687871122775297
Légumes, Ail,7501727557321469057,3.4751927780506793
Légumes, Ail,7747704774880951369,3.4129206629779096
Légumes, Asperge,492013211054368434,3.7745590123269066
Légumes, Asperge,1025308837715934726,1.9821127249226183
Légumes, Asperge,3383310799306315778,2.715884558876487
Légumes, Asperge,8201514031437504514,2.0884507869004767
Légumes, Asperge,8742512248305089344,3.7341797452229812
Légumes, Aubergine,2683536588562258076,3.1383885884056077
Légumes, Aubergine,3294465282233368840,2.8537133298356303
Légumes, Aubergine,3864274852401961373,2.1679999315870426
Légumes, Aubergine,4093177861412245920,3.7768417891862898
Légumes, Aubergine,8809217453577454361,2.4975615743860375
Légumes, Betterave,2146033808162693194,2.8283032237488555
Légumes, Betterave,2766582803618912212,2.6775359761474053
Légumes, Betterave,3230697178889770644,1.410549098734902
Légumes, Betterave,5274226463420271721,2.058149933784419
Légumes, Betterave,6401058917173656782,3.1072985784237313
Légumes, Brocoli,1556357152930843762,3.325630447439551
Légumes, Brocoli,1644950510138468649,2.8200082749599984
Légumes, Brocoli,6256119792622139400,1.8111302784701966
Légumes, Brocoli,7367618021597211277,1.0784242119583156
Légumes, Brocoli,7779729257488286152,1.471954020388963
Légumes, Champignon,3091668608934601121,1.8716676212027246
Légumes, Champignon,3799180802070872458,4.762539362273203
Légumes, Champignon,4397735894206632773,3.4990959074771486
Légumes, Champignon,4650989127415077860,2.521553259151149
Légumes, Champignon,6412743952870744222,2.3119854417033614
Légumes, Chou-fleur,701154129687663490,2.6385561187959934
Légumes, Chou-fleur,3164024531123151710,1.976156865493491
Légumes, Chou-fleur,5503453721672916045,1.4139082406620485
Légumes, Chou-fleur,7302596684502944545,1.1709861406414936
Légumes, Chou-fleur,8949116230078879190,2.924882796312141
Légumes, Concombre,3136508944252326290,1.9927398990798229
Légumes, Concombre,4933599150698361577,1.8933786439945701
Légumes, Concombre,6534832189654078807,0.4
Légumes, Concombre,7302877840821459093,1.3662607657804555
Légumes, Concombre,7335063493729932427,1.9827592147233752
Légumes, Courgette,3154447004682667855,3.0988524997009845
Légumes, Courgette,3360754490294020811,3.180676391664126
Légumes, Courgette,4244265210590183363,1.0697447574932197
Légumes, Courgette,7776935491086838632,2.816773870072439
Légumes, Courgette,8700812423556409316,2.873923834983072
Légumes, Fenouil,6106516415990225320,2.648349415668138
Légumes, Fenouil,7147681772746992614,2.577944760495414
Légumes, Fenouil,7485961858932980351,3.125635939233553
Légumes, Fenouil,8189147454170864206,2.167082028119518
Légumes, Fenouil,8390712177559652297,1.3433447805937224
Légumes, Haricot vert,4021534079196003965,2.2892362684744714
Légumes, Haricot vert,4449748065174063319,1.9921685775437967
Légumes, Haricot vert,5421404348835740822,2.521419800904903
Légumes, Haricot vert,6318992751479938635,1.846860016389199
Légumes, Haricot vert,8729099977332429683,3.458595246323888
Légumes, Maïs,2737073064296656689,1.559148323085991
Légumes, Maïs,3171038603375690778,2.314797518055451
Légumes, Maïs,3811227127843939806,2.40425988962703
Légumes, Maïs,5158778200188957837,1.853948063582712
Légumes, Maïs,8029666412070334249,1.9281654227248297
Légumes, Navet,1676922767646754682,1.8608931714439432
Légumes, Navet,2609349570213769700,1.7178752465928564
Légumes, Navet,5216291251699440068,1.6487521025604266
Légumes, Navet,5243617735883210380,3.8654824935681775
Légumes, Navet,5537189437164507321,2.6116796160918225
Légumes, Oignon,4424257178926443217,2.9153513965363795
Légumes, Oignon,4490834241298612156,3.082430428293556
Légumes, Oignon,7779434036291982604,2.2247261894659722
Légumes, Oignon,8045034316421766324,2.8956911475097376
Légumes, Oignon,8909984848035566522,4.011936657170725
Légumes, Patate douce,74061246656395545,2.105551312790623
Légumes, Patate douce,1136632100748548510,1.1031071978076539
Légumes, Patate douce,6139034197331179807,1.4435208546161689
Légumes, Patate douce,6278743895254370136,2.2557664146510956
Légumes, Patate douce,6283899034275427236,2.5916818862289
Légumes, Petits pois,810606378999087603,2.6129919713587104
Légumes, Petits pois,1388460296558816375,1.6184979199687661
Légumes, Petits pois,5971011573866690524,2.1830787026044822
Légumes, Petits pois,6725051725808707359,1.148415218288152
Légumes, Petits pois,7851508898763783954,3.834971767140429
Légumes, Poivron,1542863524791901222,3.7137525903127053
Légumes, Poivron,1787578869583585417,2.0299648795991767
Légumes, Poivron,6284633521059488775,2.9972200306944936
Légumes, Poivron,8065233324873541665,2.4453877781250393
Légumes, Poivron,8493360035848169142,2.0379175911425924
Légumes, Pomme de terre,303333512016574911,2.5017613321364998
Légumes, Pomme de terre,971059173630063638,2.601318947746091
Légumes, Pomme de terre,2642288379009682817,3.1798037016555885
Légumes, Pomme de terre,5844437911934545611,3.0886434510979894
Légumes, Pomme de terre,8477650856887881219,2.528755598387979
Légumes, Radis,676896773577743332,0.4
Légumes, Radis,1831016391882278755,2.9528513233622244
Légumes, Radis,2451823309019675634,2.172993333871109
Légumes, Radis,5404225229012873567,1.7037982617847216
Légumes, Radis,6352613381557882979,2.5177154862458013
Légumes, Salade,4307145610425763110,0.6893587960472713
Légumes, Salade,6203844576574116941,4.598356823204407
Légumes, Salade,6383275529080039981,2.9441465695006173
Légumes, Salade,6490717614491032365,2.0646329285573692
Légumes, Salade,6843486606320500308,2.5811538697337917
Légumes, Tomate,2255437609952258743,4.515221847758345
Légumes, Tomate,4149451359983656772,3.2639148174548667
Légumes, Tomate,4460405640828886361,0.4
Légumes, Tomate,5463508163678899627,2.5493107861163478
Légumes, Tomate,5777755697132967048,3.2818852400788017
Légumes, Épinard,2330180762865756962,2.722541471755165
Légumes, Épinard,3892279312191704618,1.0790090343178975
Légumes, Épinard,4265116490375280687,2.1088278783180865
Légumes, Épinard,4649133433808841845,3.560679192701767
Légumes, Épinard,6948484269519420192,2.2425326140359085
Légumes,Carotte,1874949502026473978,1.1141815358947669
Légumes,Carotte,2019544299041399838,2.953864215698312
Légumes,Carotte,3334776268854205078,1.7176618142143454
Légumes,Carotte,7128683654597978521,2.769387673287314
Légumes,Carotte,7228962383401295781,1.7775332187838515
Petit-déjeuner, Barres de céréales,352483853583146394,1.323356981977386
Petit-déjeuner, Barres de céréales,2282536529851030055,1.9590751695497859
Petit-déjeuner, Barres de céréales,3636898518933997397,2.4423484294240727
Petit-déjeuner, Barres de céréales,4563624824587771524,1.7589222550794086
Petit-déjeuner, Barres de céréales,5834230403655979429,1.7681259049032576
Petit-déjeuner, Beurre de cacahuète,93285573860696871,2.9899195959314495
Petit-déjeuner, Beurre de cacahuète,1838715923399420021,2.477012660756005
Petit-déjeuner, Beurre de cacahuète,2840918211553634245,1.7346342115543394
Petit-déjeuner, Beurre de cacahuète,3022033922237649507,1.3479967606191434
Petit-déjeuner, Beurre de cacahuète,4039657070537799954,2.7531441127383336
Petit-déjeuner, Biscottes,1476348924477919880,2.9636709452127556
Petit-déjeuner, Biscottes,3552393386373434024,1.9556792094431092
Petit-déjeuner, Biscottes,3598430127212988358,2.163830789197324
Petit-déjeuner, Biscottes,3864878929267876260,1.9812933507514803
Petit-déjeuner, Biscottes,6445538252227876788,3.257986284505868
Petit-déjeuner, Confiture d'abricot,667125239329400210,2.2237297680399943
Petit-déjeuner, Confiture d'abricot,1953184554455057115,2.5707142867181982
Petit-déjeuner, Confiture d'abricot,4871029400520921519,1.9359325279098085
Petit-déjeuner, Confiture d'abricot,4989957284685550810,1.0233309833777584
Petit-déjeuner, Confiture d'abricot,5688212503991114278,1.4203223726565803
Petit-déjeuner, Confiture de fraise,5705364086580278870,1.5842370049582803
Petit-déjeuner, Confiture de fraise,6824531060906512666,1.604457800166853
Petit-déjeuner, Confiture de fraise,7522719435891304783,2.104313232574867
Petit-déjeuner, Confiture de fraise,8671766877501656807,1.28361697445999
Petit-déjeuner, Confiture de fraise,8712216889996009077,2.199483455477171
Petit-déjeuner, Céréales chocolatées,203923243057750896,2.408541768676008
Petit-déjeuner, Céréales chocolatées,1868645260718153943,2.3502794206341933
Petit-déjeuner, Céréales chocolatées,3034674157710794171,2.109684137495535
Petit-déjeuner, Céréales chocolatées,3905336970973359117,1.622693300528843
Petit-déjeuner, Céréales chocolatées,7506489463189167193,1.8800996285908855
Petit-déjeuner, Granola,3929264670311430729,2.4245975410067158
Petit-déjeuner, Granola,5438467691135850831,1.189801974629906
Petit-déjeuner, Granola,6619844841514664977,1.567975224290797
Petit-déjeuner, Granola,6770244364470862327,2.4776024906807894
Petit-déjeuner, Granola,8825638726817010051,2.587802832439818
Petit-déjeuner, Muesli,684890175769059974,1.5709536978531022
Petit-déjeuner, Muesli,3534178013875079594,2.2562268619838677
Petit-déjeuner, Muesli,4529838896536121592,2.000032902106633
Petit-déjeuner, Muesli,6122144439359882845,1.6042799674215158
Petit-déjeuner, Muesli,8579582868353233562,1.0054687391418926
Petit-déjeuner, Nutella,2972599865691827674,2.1404163327012373
Petit-déjeuner, Nutella,3182700685737307973,2.1748198962069685
Petit-déjeuner, Nutella,5297859508665916198,2.8735588176487377
Petit-déjeuner, Nutella,6820829042030805026,2.4055348165309303
Petit-déjeuner, Nutella,8689115278755972312,2.6287958899649153
Petit-déjeuner, Pain grillé,1823193991513853122,1.2346811408390295
Petit-déjeuner, Pain grillé,3073328150919783929,1.9255953872600715
Petit-déjeuner, Pain grillé,7111103528837260613,1.973665260011223
Petit-déjeuner, Pain grillé,7633698808143051968,2.3059040559183
Petit-déjeuner, Pain grillé,8897218540200207366,2.6234594914661304
Petit-déjeuner, Pâte à tartiner bio,1575332651010596876,1.4852207585716781
Petit-déjeuner, Pâte à tartiner bio,6423456056023762444,1.91645871503976
Petit-déjeuner, Pâte à tartiner bio,6624759518460980466,1.1726500455823512
Petit-déjeuner, Pâte à tartiner bio,8780029679304131125,2.4501628332956047
Petit-déjeuner, Pâte à tartiner bio,9181714868571881563,0.7348111733900282
Petit-déjeuner,Céréales nature,18997436019483541,2.65234083434172
Petit-déjeuner,Céréales nature,582880787772575921,0.6666158112212526
Petit-déjeuner,Céréales nature,3860356339494377067,2.458193919774057
Petit-déjeuner,Céréales nature,5919534232960174985,2.014959595082121
Petit-déjeuner,Céréales nature,5956742775895675469,1.815284251146862
Poissons et fruits de mer, Anchois,542027530891480442,23.38470450547321
Poissons et fruits de mer, Anchois,1731493144120206688,12.027300866649167
Poissons et fruits de mer, Anchois,2162108211535290469,10.95571648503327
Poissons et fruits de mer, Anchois,6648550653024990978,16.244816692043837
Poissons et fruits de mer, Anchois,9222223902060594086,13.234570008199649
Poissons et fruits de mer, Cabillaud,1301486436228295154,14.829409353831284
Poissons et fruits de mer, Cabillaud,4342257262778011855,18.791080237014494
Poissons et fruits de mer, Cabillaud,4981057464319218729,17.03392438447947
Poissons et fruits de mer, Cabillaud,7245287927327889100,18.93383505266946
Poissons et fruits de mer, Cabillaud,8238487446599712361,20.191956528951046
Poissons et fruits de mer, Calamar,938726226203341732,11.780992481952099
Poissons et fruits de mer, Calamar,1109916914900519142,10.533423430536311
Poissons et fruits de mer, Calamar,4632107707722524591,15.635360808574587
Poissons et fruits de mer, Calamar,6296583726246969699,19.582546509181686
Poissons et fruits de mer, Calamar,8068217111757098046,7.726592422835523
Poissons et fruits de mer, Coquilles Saint-Jacques,426958912287109417,19.035777992958174
Poissons et fruits de mer, Coquilles Saint-Jacques,1392629902357570067,10.9498458238528
Poissons et fruits de mer, Coquilles Saint-Jacques,2306561782985148310,8.299500970393773
Poissons et fruits de mer, Coquilles Saint-Jacques,7491086076484113981,14.902255625885381
Poissons et fruits de mer, Coquilles Saint-Jacques,8378665152201062261,14.410077121902725
Poissons et fruits de mer, Crevettes,3062192909660801465,7.5663354432015675
Poissons et fruits de mer, Crevettes,3482330647071675416,12.97291305314352
Poissons et fruits de mer, Crevettes,4826634820792804449,18.037457056918345
Poissons et fruits de mer, Crevettes,6119087279457753807,11.910053764488458
Poissons et fruits de mer, Crevettes,8621152899570844485,15.37224355122053
Poissons et fruits de mer, Filet de sole,964314011696282993,20.011794676059317
Poissons et fruits de mer, Filet de sole,4809199206035048522,16.18502868353899
Poissons et fruits de mer, Filet de sole,6653361415819720224,2.7721002677511617
Poissons et fruits de mer, Filet de sole,7424402806318357863,16.27185781521274
Poissons et fruits de mer, Filet de sole,8958832252662373099,10.260247898938978
Poissons et fruits de mer, Huîtres,2345285194032385742,16.518322748780555
Poissons et fruits de mer, Huîtres,2925225885772194022,21.981989826060854
Poissons et fruits de mer, Huîtres,7284073775546599608,15.853284354391379
Poissons et fruits de mer, Huîtres,8283365684041062584,9.865474692409016
Poissons et fruits de mer, Huîtres,9037843504564297629,15.368411399159099
Poissons et fruits de mer, Maquereau,169432728042288536,5.6218223923025885
Poissons et fruits de mer, Maquereau,1797037299702063010,19.92693469670794
Poissons et fruits de mer, Maquereau,2450120920286620946,10.103828945945807
Poissons et fruits de mer, Maquereau,5024594968220410991,6.296233684848442
Poissons et fruits de mer, Maquereau,8449609767767569508,13.950424611373583
Poissons et fruits de mer, Moules,31294467894780033,13.113863881247685
Poissons et fruits de mer, Moules,1532559703922230257,11.92377187001202
Poissons et fruits de mer, Moules,2463013792836083329,15.302518323447432
Poissons et fruits de mer, Moules,4531169680957121271,13.582219057920103
Poissons et fruits de mer, Moules,8069879833918114949,23.93732099411136
Poissons et fruits de mer, Sardine,2349044229189637668,7.387167341283689
Poissons et fruits de mer, Sardine,2900223007275749706,11.30280267755786
Poissons et fruits de mer, Sardine,4379862286904206914,16.03830388709584
Poissons et fruits de mer, Sardine,5107308421183881281,14.474443404160576
Poissons et fruits de mer, Sardine,7460692422297812625,12.158005420838448
Poissons et fruits de mer, Saumon fumé,178380236004663732,15.397303152369126
Poissons et fruits de mer, Saumon fumé,5545899868257408242,18.20126470548717
Poissons et fruits de mer, Saumon fumé,7175057355901600323,12.694416952671853
Poissons et fruits de mer, Saumon fumé,7479952181878220999,5.447912889002646
Poissons et fruits de mer, Saumon fumé,8967494789120340015,27.55353820202682
Poissons et fruits de mer, Thon frais,1281390553013358603,12.527771841262334
Poissons et fruits de mer, Thon frais,2265104999721882220,10.760949617770137
Poissons et fruits de mer, Thon frais,6078660146531037995,14.455922959589142
Poissons et fruits de mer, Thon frais,6623447825589833042,10.15218927582191
Poissons et fruits de mer, Thon frais,7868324573701927533,16.12353388052879
Poissons et fruits de mer,Saumon frais,375736667656421833,9.83221585653904
Poissons et fruits de mer,Saumon frais,2454467134569271766,17.24831217077422
Poissons et fruits de mer,Saumon frais,4198159285938225830,11.747668135546906
Poissons et fruits de mer,Saumon frais,4693678412270972284,12.814708661529396
Poissons et fruits de mer,Saumon frais,6332038350654878579,9.560599991807205
Produits d'hygiène, Après-shampoing,352321036112089456,12.136025763874569
Produits d'hygiène, Après-shampoing,2658895840626130517,9.40885351924673
Produits d'hygiène, Après-shampoing,3276722518495735581,11.245045079418649
Produits d'hygiène, Après-shampoing,4559298495349435127,8.264732166765167
Produits d'hygiène, Après-shampoing,5983663866503917768,10.898947718972524
Produits d'hygiène, Brosse à dents,3115962282803678939,3.285881519691488
Produits d'hygiène, Brosse à dents,4310918806435558488,5.535089465617425
Produits d'hygiène, Brosse à dents,4852515128171849788,10.683123713701512
Produits d'hygiène, Brosse à dents,6339463160173787021,8.252525611599662
Produits d'hygiène, Brosse à dents,7081695099557829353,6.71834032453826
Produits d'hygiène, Cotons démaquillants,987645855388731491,11.385044336420803
Produits d'hygiène, Cotons démaquillants,3644277693391267489,10.50664512964383
Produits d'hygiène, Cotons démaquillants,5489504504315901416,8.29189301793547
Produits d'hygiène, Cotons démaquillants,6756258740485287729,8.936939150090234
Produits d'hygiène, Cotons démaquillants,9007907542791389485,12.28598376456491
Produits d'hygiène, Dentifrice,3331588994921925145,8.80241518005668
Produits d'hygiène, Dentifrice,5112918369064715304,7.498462924107799
Produits d'hygiène, Dentifrice,5828627719618613444,11.378705972278606
Produits d'hygiène, Dentifrice,6714344162269101037,10.180129042857276
Produits d'hygiène, Dentifrice,8998687105922392946,11.050719575818459
Produits d'hygiène, Déodorant,16757796023832549,16.25037611772681
Produits d'hygiène, Déodorant,4469846302113101643,9.3641713460722
Produits d'hygiène, Déodorant,4551362902588176681,8.89267213715909
Produits d'hygiène, Déodorant,5307641118408767974,8.343584582219641
Produits d'hygiène, Déodorant,6147361217093062740,10.30370646352531
Produits d'hygiène, Gel douche,2124988478022602303,9.316315754653896
Produits d'hygiène, Gel douche,3107381735946778431,7.314038193942302
Produits d'hygiène, Gel douche,6767612715700861311,11.065784143192484
Produits d'hygiène, Gel douche,7015387434311017781,12.889537533415158
Produits d'hygiène, Gel douche,7851655420291411139,2.400020123046975
Produits d'hygiène, Lingettes bébé,558415047862257459,10.413925897547273
Produits d'hygiène, Lingettes bébé,1120312676583041286,8.315478579716874
Produits d'hygiène, Lingettes bébé,1366541989066604352,10.296300181521579
Produits d'hygiène, Lingettes bébé,4150761008457648199,8.130402823353052
Produits d'hygiène, Lingettes bébé,8079780769938443940,5.762075602132942
Produits d'hygiène, Mousse à raser,2930736898552423100,7.955780364229549
Produits d'hygiène, Mousse à raser,4733324965921713473,7.537211900016313
Produits d'hygiène, Mousse à raser,5631351966560524999,11.844159594603221
Produits d'hygiène, Mousse à raser,6382899128528136784,7.774755408331358
Produits d'hygiène, Mousse à raser,8458615326446332151,10.427013558463543
Produits d'hygiène, Rasoir jetable,1207038001380650396,11.329651873712441
Produits d'hygiène, Rasoir jetable,1446234085100335906,5.601934606453701
Produits d'hygiène, Rasoir jetable,2227082331727851026,5.06336903938352
Produits d'hygiène, Rasoir jetable,3132588945215639360,7.867867979842323
Produits d'hygiène, Rasoir jetable,3959873717270946238,7.28852133696412
Produits d'hygiène, Shampoing,2279090473742628859,8.627992521790977
Produits d'hygiène, Shampoing,2883537631064683085,12.735382853102129
Produits d'hygiène, Shampoing,4066183514494077990,13.241879017648092
Produits d'hygiène, Shampoing,5642792995310423207,9.944511239274991
Produits d'hygiène, Shampoing,8385481206276958137,10.879453614450155
Produits d'hygiène,Savon,771574680348172167,6.419300409357506
Produits d'hygiène,Savon,990539702373968779,4.965432711722492
Produits d'hygiène,Savon,6243471713480004819,10.686530001673157
Produits d'hygiène,Savon,7427251986200200739,3.750944047189388
Produits d'hygiène,Savon,8002049689267255889,8.247468319669302
Produits laitiers, Beurre demi-sel,857389074246619922,1.9726981403074817
Produits laitiers, Beurre demi-sel,1727439296073129091,1.3083806086851912
Produits laitiers, Beurre demi-sel,2476625941876132450,2.3745614978130964
Produits laitiers, Beurre demi-sel,4669147151137212196,3.2268415500382392
Produits laitiers, Beurre demi-sel,5486728538108879878,3.120240517496293
Produits laitiers, Beurre doux,473789801847619393,3.2866903645358327
Produits laitiers, Beurre doux,493791789354899072,2.087938600846004
Produits laitiers, Beurre doux,2734437106807405877,3.9406077576650342
Produits laitiers, Beurre doux,2938418215034515839,2.7438380760454324
Produits laitiers, Beurre doux,5802775459974929771,4.226950629239568
Produits laitiers, Bleu,1274431276087346157,3.227789652106428
Produits laitiers, Bleu,2971741279911884850,2.978925777053427
Produits laitiers, Bleu,3146594199646851835,2.3281847505646986
Produits laitiers, Bleu,7355601715264671759,3.9048671397088612
Produits laitiers, Bleu,8019820452377712654,4.093486228883441
Produits laitiers, Brie,1323467191842176804,4.158532088707581
Produits laitiers, Brie,3635718068389513138,2.59910296289689
Produits laitiers, Brie,4302696435284408100,4.69641120842042
Produits laitiers, Brie,6678311735619324805,3.692916902644681
Produits laitiers, Brie,7725530717306741886,2.037810079996041
Produits laitiers, Camembert,2135961085999286967,2.7948908739909495
Produits laitiers, Camembert,3254134375260198591,5.567939434362036
Produits laitiers, Camembert,5493423738593469287,2.4852603802312996
Produits laitiers, Camembert,7535893440280555635,1.5329863136291682
Produits laitiers, Camembert,8189901887525987931,3.859607028713448
Produits laitiers, Crème fraîche,159277814983066169,3.729857016347447
Produits laitiers, Crème fraîche,1759713791637471490,3.2038000452632347
Produits laitiers, Crème fraîche,2965331472611236763,3.4181221949087597
Produits laitiers, Crème fraîche,4341146234108999814,3.7614591919208333
Produits laitiers, Crème fraîche,6037350215740215823,4.358040267437307
Produits laitiers, Emmental,1184610779867899566,4.6833270557059326
Produits laitiers, Emmental,1333055516576791296,3.5283767694047623
Produits laitiers, Emmental,4507102813487144746,1.91061246099823
Produits laitiers, Emmental,6651527628014272679,3.1078251603863185
Produits laitiers, Emmental,6829874458516426656,2.3255609177537715
Produits laitiers, Feta,2533043542519353788,2.0961369672140986
Produits laitiers, Feta,3333803364739963842,3.2425188193848227
Produits laitiers, Feta,3927299484709470539,3.425083735971261
Produits laitiers, Feta,6773661901189467952,3.337853958785028
Produits laitiers, Feta,9090656874553049385,4.756691188284194
Produits laitiers, Fromage blanc,217423666098941659,4.430867160497794
Produits laitiers, Fromage blanc,4368650242750974891,3.2858285396002946
Produits laitiers, Fromage blanc,5550941081614096542,1.5621715662480828
Produits laitiers, Fromage blanc,7289009304744162891,2.5988071127030743
Produits laitiers, Fromage blanc,8940393913642602172,1.8919523481821534
Produits laitiers, Fromage râpé,332024046698740321,2.2397718962041524
Produits laitiers, Fromage râpé,2169370688205347491,5.650877554484691
Produits laitiers, Fromage râpé,4346922265277359125,2.5592237678361647
Produits laitiers, Fromage râpé,5544406778252764196,1.973074821714906
Produits laitiers, Fromage râpé,7125578924179748052,1.1575231538734743
Produits laitiers, Gouda,418899517716686113,4.338818017301232
Produits laitiers, Gouda,4238478918242646688,4.140513200402311
Produits laitiers, Gouda,5659752073700383774,3.037429182363779
Produits laitiers, Gouda,8070332071403650408,4.883000437161954
Produits laitiers, Gouda,8185673385455983635,4.087291310534255
Produits laitiers, Kéfir,2105391055123603704,4.611580116759376
Produits laitiers, Kéfir,5237580893053400283,3.3118478194884955
Produits laitiers, Kéfir,6209788340957209195,2.3048901715992094
Produits laitiers, Kéfir,6313080003896371723,2.140637637874212
Produits laitiers, Kéfir,8230602784260587593,3.1161635801024112
Produits laitiers, Lait d'amande,743541903371574409,2.490196740756107
Produits laitiers, Lait d'amande,845366671694987287,2.287748636786945
Produits laitiers, Lait d'amande,1716398925916494523,3.9935685704278434
Produits laitiers, Lait d'amande,3984860444768076934,3.1152781345348752
Produits laitiers, Lait d'amande,7440205150812607780,4.837136036850074
Produits laitiers, Lait d'avoine,1792149684758199152,2.359894081786726
Produits laitiers, Lait d'avoine,3101596335105994024,2.1330061754914844
Produits laitiers, Lait d'avoine,5467235573115971158,4.275118156391843
Produits laitiers, Lait d'avoine,6065272841951360523,3.6586070199087057
Produits laitiers, Lait d'avoine,6340001835707362990,5.160219974459311
Produits laitiers, Lait de soja,737221679932034767,2.4938120758474867
Produits laitiers, Lait de soja,2738247057355566900,3.9708870522890916
Produits laitiers, Lait de soja,4968942180249884603,5.2905952401096075
Produits laitiers, Lait de soja,5759521420565014144,2.30246518721844
Produits laitiers, Lait de soja,6014215342444033824,1.2553942900023236
Produits laitiers, Lait écrémé,1612371207416575410,3.3972878516154026
Produits laitiers, Lait écrémé,3633514291828862904,4.455593159003033
Produits laitiers, Lait écrémé,5394404400396553874,3.3157803629010094
Produits laitiers, Lait écrémé,8227690246134962202,2.9522479563284936
Produits laitiers, Lait écrémé,8706074562755930546,2.4588375011587327
Produits laitiers, Mozzarella,1620782568712365753,4.166349307008216
Produits laitiers, Mozzarella,1667780646576030915,3.008844436768475
Produits laitiers, Mozzarella,2484258754876809254,2.3041127077296775
Produits laitiers, Mozzarella,3793367268327202402,2.3912760488104707
Produits laitiers, Mozzarella,8796094379326840817,3.9546533858489354
Produits laitiers, Parmesan,569330797647280148,5.161801944351666
Produits laitiers, Parmesan,1293164616754523552,3.3546630837549474
Produits laitiers, Parmesan,2889217996928561738,3.115581646706209
Produits laitiers, Parmesan,3296346870826306119,1.588487864280974
Produits laitiers, Parmesan,8528324040502911526,3.3250561376768424
Produits laitiers, Yaourt aromatisé,2538133243540454662,2.861105274590095
Produits laitiers, Yaourt aromatisé,3547341738938480272,2.513347114580222
Produits laitiers, Yaourt aromatisé,6227984434433828660,2.5515062273611284
Produits laitiers, Yaourt aromatisé,7177586963643036796,4.28741648068025
Produits laitiers, Yaourt aromatisé,7682969513469231713,2.041729575893947
Produits laitiers, Yaourt nature,1426316611528489501,2.1171430222281673
Produits laitiers, Yaourt nature,3359665448580199779,2.5618463450364333
Produits laitiers, Yaourt nature,6098457506345601071,3.031312643515756
Produits laitiers, Yaourt nature,6488516052912407482,1.7661190765375376
Produits laitiers, Yaourt nature,6649961732286058231,1.686095216007199
Produits laitiers,Lait entier,3157740348282844749,3.8632608791101717
Produits laitiers,Lait entier,4250684732019753753,3.049473484143876
Produits laitiers,Lait entier,6291685508979201097,2.171142230180717
Produits laitiers,Lait entier,7703929003704571129,3.2400872525049946
Produits laitiers,Lait entier,8895004197121181570,3.7975202782961643
Produits ménagers, Adoucissant,619689352184936440,7.244311272032659
Produits ménagers, Adoucissant,3811559859980579289,8.169774179001386
Produits ménagers, Adoucissant,4364728640748373473,7.003971254671023
Produits ménagers, Adoucissant,4408166890261891995,6.128772177622799
Produits ménagers, Adoucissant,8755159088076341234,4.614351561218871
Produits ménagers, Détergent WC,2172449985527327131,7.425563767213644
Produits ménagers, Détergent WC,2972717621573834462,5.945753844860206
Produits ménagers, Détergent WC,4234801074581123239,7.263434840828221
Produits ménagers, Détergent WC,7952864546526449552,6.1598713153914275
Produits ménagers, Détergent WC,8677939591750276087,7.0171534573846195
Produits ménagers, Gants ménagers,1688193291343662892,7.312871277855005
Produits ménagers, Gants ménagers,6204128290009527663,3.7799572770396055
Produits ménagers, Gants ménagers,6231479608862717297,7.869425264474145
Produits ménagers, Gants ménagers,6403919467940927636,4.5256358896850415
Produits ménagers, Gants ménagers,7299331256221918306,5.36730746040999
Produits ménagers, Lessive,1591840063265775605,6.211014724794235
Produits ménagers, Lessive,1997382937200622183,6.735737015691958
Produits ménagers, Lessive,3198510880457502935,7.71810028617659
Produits ménagers, Lessive,3284603222420667065,6.799494777270467
Produits ménagers, Lessive,4138753555262296953,3.1371133639392976
Produits ménagers, Nettoyant multi-surfaces,1954213088170096859,4.476775574844987
Produits ménagers, Nettoyant multi-surfaces,2396561696818169502,3.8918449691658896
Produits ménagers, Nettoyant multi-surfaces,5279037287357335210,1.8725975168291882
Produits ménagers, Nettoyant multi-surfaces,5641106737220788130,3.460245612355749
Produits ménagers, Nettoyant multi-surfaces,8855101173625283471,8.031745300821868
Produits ménagers, Papier essuie-tout,114648556130279542,2.3465559296018865
Produits ménagers, Papier essuie-tout,452326213245538496,1.5991335569211778
Produits ménagers, Papier essuie-tout,1949085669203666032,5.92175416465848
Produits ménagers, Papier essuie-tout,3953975275929403282,6.77912811207729
Produits ménagers, Papier essuie-tout,4869039995309782438,5.612228857639456
Produits ménagers, Papier toilette,1829129293747020977,6.804607981886097
Produits ménagers, Papier toilette,1948632623483304911,7.50782573335
Produits ménagers, Papier toilette,2579874110349399879,4.60616013875817
Produits ménagers, Papier toilette,4444098480208031534,5.749065582623635
Produits ménagers, Papier toilette,4864886579065299106,6.650197457280615
Produits ménagers, Sac-poubelle,152256497910085520,7.870144533829768
Produits ménagers, Sac-poubelle,272488488609706547,6.182234650582165
Produits ménagers, Sac-poubelle,5530764618454451249,9.645622917735103
Produits ménagers, Sac-poubelle,6541973275534514325,4.5714381826050685
Produits ménagers, Sac-poubelle,8476046241654485897,3.388289031485489
Produits ménagers, Éponge,659307245072952581,7.218859393142596
Produits ménagers, Éponge,2370837630952719301,6.687425074557332
Produits ménagers, Éponge,7241702292965796847,7.279420693891594
Produits ménagers, Éponge,8341286027179456215,8.008509734409806
Produits ménagers, Éponge,8589087349265958513,3.952772204882192
Produits ménagers,Liquide vaisselle,2310761707172243989,8.771732494440531
Produits ménagers,Liquide vaisselle,2596208401234056943,3.550256608010405
Produits ménagers,Liquide vaisselle,3371200545880916558,2.186701287599418
Produits ménagers,Liquide vaisselle,6574623387707900171,6.4628814569467155
Produits ménagers,Liquide vaisselle,6940308697523587781,7.893340172999856
Produits secs, Cannelle,1841776540290422474,3.021019992667712
Produits secs, Cannelle,1942636862510093613,2.090416555465918
Produits secs, Cannelle,2657624654725200936,1.1273058819579578
Produits secs, Cannelle,3763391499109316715,2.137064076324093
Produits secs, Cannelle,4299726145617640312,2.0939751266601916
Produits secs, Chapelure,5197182894815720538,1.2818495196590647
Produits secs, Chapelure,5553011821383232325,1.5716203713476715
Produits secs, Chapelure,6623687123654816199,2.678019237912346
Produits secs, Chapelure,7204670574645329290,2.929790031369123
Produits secs, Chapelure,7467734813386097304,1.4681308250875151
Produits secs, Couscous,586124176419707216,1.4489436808587253
Produits secs, Couscous,2229794621587467445,1.491365578637311
Produits secs, Couscous,5385799956246688041,2.0123500072141685
Produits secs, Couscous,6151836730544480003,1.666787566691655
Produits secs, Couscous,8172129549397174636,2.786457813112496
Produits secs, Curry,3914766939534164651,1.9514014617316242
Produits secs, Curry,5070342005926146490,1.83125405660628
Produits secs, Curry,5296060342497139188,3.2361752446057013
Produits secs, Curry,5799940504139326622,1.996028696513215
Produits secs, Curry,7795641916679946057,0.8122478746654151
Produits secs, Farine blanche,2527233366778993540,2.4820346724922917
Produits secs, Farine blanche,3172378399574635141,2.1898616392645893
Produits secs, Farine blanche,3967112359012810755,1.1154642535388197
Produits secs, Farine blanche,5671075064745458400,1.9310574175031483
Produits secs, Farine blanche,6180950094832764378,2.0328754865132033
Produits secs, Farine complète,1767688226333297686,1.9108187436045139
Produits secs, Farine complète,2559367963954784346,2.5814135913094036
Produits secs, Farine complète,2867869931212305027,2.2247692014471836
Produits secs, Farine complète,4557979272953532809,1.6543128884471858
Produits secs, Farine complète,8935600916580256732,0.959309650535394
Produits secs, Flocons d'avoine,451262238056780914,2.235756923325166
Produits secs, Flocons d'avoine,3237259493712216084,0.9248427144338516
Produits secs, Flocons d'avoine,3700983592835245836,2.501464479154954
Produits secs, Flocons d'avoine,4648780875369434019,2.1247737265041606
Produits secs, Flocons d'avoine,8246001106905378552,1.095757604886474
Produits secs, Haricots secs,663106683146701225,1.9301779407388464
Produits secs, Haricots secs,1822968588505703839,1.395018868976336
Produits secs, Haricots secs,4303279526663567901,1.4853200791149739
Produits secs, Haricots secs,4849731365288400771,2.559567714371405
Produits secs, Haricots secs,5300209836001394181,1.2289522867606963
Produits secs, Herbes de Provence,1347137700569822668,1.9182022122907372
Produits secs, Herbes de Provence,1953226331274980471,1.7965265842074902
Produits secs, Herbes de Provence,2306553289601929506,1.2528713661190465
Produits secs, Herbes de Provence,5902328842274032014,2.315854399155494
Produits secs, Herbes de Provence,6711603857331058626,2.0081025781082875
Produits secs, Lentilles corail,491253747570317556,2.741146113651248
Produits secs, Lentilles corail,3336615592495388323,3.024125122447277
Produits secs, Lentilles corail,5690677360462506899,2.5676522320814716
Produits secs, Lentilles corail,7024714370533094846,1.5345020611276703
Produits secs, Lentilles corail,8893523780144545749,2.04332083261696
Produits secs, Lentilles vertes,1078255274324176554,1.3529477571054018
Produits secs, Lentilles vertes,5030299087521837376,2.4727911987357922
Produits secs, Lentilles vertes,7284629250083001459,2.3257827694507256
Produits secs, Lentilles vertes,7346025277420618538,1.956178886538834
Produits secs, Lentilles vertes,8860870318141947788,2.0931848611296475
Produits secs, Levure chimique,1304416590524664249,2.070149492638961
Produits secs, Levure chimique,3328998008834742737,2.486858471723089
Produits secs, Levure chimique,8658956658840046464,0.47885671090837145
Produits secs, Levure chimique,8807824905992613193,1.4847128690115883
Produits secs, Levure chimique,9082489995334099554,0.4458179016809163
Produits secs, Maïzena,48947371040107215,1.6068366522534259
Produits secs, Maïzena,484099999959080527,1.339438100070549
Produits secs, Maïzena,1393158124148148884,2.23381116062391
Produits secs, Maïzena,5489428464899735639,2.8177472493867723
Produits secs, Maïzena,8989331311635645998,1.485658670509137
Produits secs, Miel,2199577581631365154,2.380507204063882
Produits secs, Miel,3616287174366935719,1.909686022990368
Produits secs, Miel,5697134225339684277,1.4099236934121167
Produits secs, Miel,5964890616135628050,2.3842320243078348
Produits secs, Miel,6647728645089497829,1.4390174800545061
Produits secs, Paprika,402761321708826394,2.195223238275429
Produits secs, Paprika,1769867342797037309,1.949509284284319
Produits secs, Paprika,4328526431705503565,2.11139737870512
Produits secs, Paprika,5696434322274017979,1.9340750079477882
Produits secs, Paprika,7239739912029297544,2.427051566954265
Produits secs, Piment,1222137973878448710,2.265636826690074
Produits secs, Piment,2118432986817910000,2.00290807088014
Produits secs, Piment,4978275994075314196,2.400836188010762
Produits secs, Piment,5326387104977348081,2.7798720217780626
Produits secs, Piment,8372369131240319151,1.8810572834731025
Produits secs, Pois chiches,1300281287080467838,2.6344843265122293
Produits secs, Pois chiches,2126107054945578067,1.4477655409872319
Produits secs, Pois chiches,4659581303588710561,2.8926639686367297
Produits secs, Pois chiches,7373272718610127558,1.487642370048187
Produits secs, Pois chiches,8508880849215698239,2.666704490662016
Produits secs, Poivre noir,1766011857795481543,0.4714492219901556
Produits secs, Poivre noir,1868787769717958094,2.0727123946862474
Produits secs, Poivre noir,3121503016374474203,2.487888647264076
Produits secs, Poivre noir,4476958108925783268,1.6001498333231838
Produits secs, Poivre noir,5672407343057994305,2.6679558332338513
Produits secs, Pâtes courtes,241205380943671780,1.7653853230529608
Produits secs, Pâtes courtes,1409303425523213364,1.681401997683605
Produits secs, Pâtes courtes,3184116149348023300,1.9144027262104828
Produits secs, Pâtes courtes,5416857842168737638,2.137164661179461
Produits secs, Pâtes courtes,8099127438832883512,1.963676786189383
Produits secs, Pâtes longues,1668187749021746515,2.071390215564172
Produits secs, Pâtes longues,1901963826172132854,2.559330065709624
Produits secs, Pâtes longues,5945973498668420429,1.295774847794517
Produits secs, Pâtes longues,6532397071628686514,1.5466249286083533
Produits secs, Pâtes longues,8992816871681975805,1.9245938906314393
Produits secs, Quinoa,2054441379786177173,1.6942370764893127
Produits secs, Quinoa,5565078877664200506,1.6199490870675188
Produits secs, Quinoa,7145453644213000237,1.0042522635027602
Produits secs, Quinoa,7201063534834937879,1.1937216537148212
Produits secs, Quinoa,8481953618700070793,2.599215802890006
Produits secs, Riz complet,37696447851505909,1.3208745034982163
Produits secs, Riz complet,89584285323501959,2.1194169885157943
Produits secs, Riz complet,1068481228462875690,0.8616619041673328
Produits secs, Riz complet,6354843758386080274,1.2192020297638906
Produits secs, Riz complet,8340966928341843355,1.821889367014245
Produits secs, Sel de mer,697501609553435722,2.872608562518844
Produits secs, Sel de mer,1114204060010332710,1.438780492352157
Produits secs, Sel de mer,3387808182406834026,1.4435201183897286
Produits secs, Sel de mer,6209167074351206055,2.301176299028141
Produits secs, Sel de mer,7804877549229353038,2.217094518095545
Produits secs, Sel fin,290788042751133693,1.8861915990548495
Produits secs, Sel fin,806992626315952419,1.5949551422745254
Produits secs, Sel fin,4228156378946348438,2.041233025585854
Produits secs, Sel fin,4592430406556994977,1.8291215271586154
Produits secs, Sel fin,5803102203197618889,2.0078381319879646
Produits secs, Semoule,1943053954819949563,1.8643978732328506
Produits secs, Semoule,2101713956297173784,1.2079292593264561
Produits secs, Semoule,2434553360403296252,2.1423073683199783
Produits secs, Semoule,5849639056860964039,1.6226375944171063
Produits secs, Semoule,6086841860924070364,1.8903269444704234
Produits secs, Sucre en poudre,518571896630996177,1.8779793071134456
Produits secs, Sucre en poudre,928264649277100024,1.80603383492672
Produits secs, Sucre en poudre,2208048524629633640,1.1795947870301968
Produits secs, Sucre en poudre,8217487399857665154,2.64615338128397
Produits secs, Sucre en poudre,8754439972510771653,1.9851551317048368
Produits secs, Sucre roux,1940096369877714626,0.7472401484583875
Produits secs, Sucre roux,2284826334613019762,2.8532176235773723
Produits secs, Sucre roux,2568888965663842744,1.800732327253626
Produits secs, Sucre roux,6459887158599169372,3.023530380288669
Produits secs, Sucre roux,8342874461520536639,1.9149452484615552
Produits secs, Épices variées,1908982343108932454,2.559575318611454
Produits secs, Épices variées,2524061403399161348,1.6509754052120988
Produits secs, Épices variées,5150701873899903243,1.0953604521693117
Produits secs, Épices variées,7022193301278596427,2.241088799055107
Produits secs, Épices variées,8214199203030432015,2.6283839045064754
Produits secs,Riz blanc,1269035450163356477,1.1874944894790886
Produits secs,Riz blanc,1772129769846696210,1.4167314258623223
Produits secs,Riz blanc,2095978649746220578,1.685008643349399
Produits secs,Riz blanc,8089676404317992780,0.9784560849789115
Produits secs,Riz blanc,8817114211561329919,0.9948561651720791
Snacks, Amandes,814107720569460012,1.1806555045602456
Snacks, Amandes,1360837824802811496,1.3890348862745405
Snacks, Amandes,2484335402928753581,1.2051088039222289
Snacks, Amandes,3335364072171565219,1.2501173994565176
Snacks, Amandes,8664177365120876475,1.5650559957545793
Snacks, Barres chocolatées,794379491876711700,0.6861430870520511
Snacks, Barres chocolatées,892711981681889981,0.5842077155003949
Snacks, Barres chocolatées,1682827483523214659,1.2766884333384951
Snacks, Barres chocolatées,6544557720965310571,1.0759732329681668
Snacks, Barres chocolatées,6980025727939744194,0.7019139461519628
Snacks, Biscuits salés,3664650128364632489,0.6433870653977574
Snacks, Biscuits salés,3685754036549086644,0.697227976469045
Snacks, Biscuits salés,6066219401503507002,1.4364842486372256
Snacks, Biscuits salés,7315961941200571406,0.7453646236543643
Snacks, Biscuits salés,8288334357230496082,1.6141872912914237
Snacks, Bonbons,3559027680598635278,1.4370410342829496
Snacks, Bonbons,4329652130644396601,1.3526184453798922
Snacks, Bonbons,5504158090793435058,0.4
Snacks, Bonbons,6852066426887824123,0.5104104394379128
Snacks, Bonbons,7835630457089687628,1.0540471429215525
Snacks, Bretzels,976641686232466418,1.2590878070505003
Snacks, Bretzels,1022078023731423093,0.4
Snacks, Bretzels,5052966551101639919,0.5855796415938974
Snacks, Bretzels,7548607467014754379,0.9042362114710413
Snacks, Bretzels,9198469359372973298,1.2551878650026127
Snacks, Chips saveur barbecue,105435956636766632,1.232012681508643
Snacks, Chips saveur barbecue,943869040058064252,1.3541499779843922
Snacks, Chips saveur barbecue,4340998585575197111,1.0415894123709095
Snacks, Chips saveur barbecue,5332620648847981004,1.1251718201427092
Snacks, Chips saveur barbecue,7299191838284400089,0.7976288800042488
Snacks, Crackers,526642717285952953,1.3793002995494799
Snacks, Crackers,3683249049561845215,1.4424228028171617
Snacks, Crackers,4499076314588082513,1.1909829739245
Snacks, Crackers,6530618250750643835,1.5718750593373958
Snacks, Crackers,7620834276195549917,0.8833532981283769
Snacks, Fruits secs,829041104729948471,0.7362026059407053
Snacks, Fruits secs,1700446324066851406,1.0108614555892073
Snacks, Fruits secs,2327197567605875547,0.7313991360067982
Snacks, Fruits secs,3251214938593291062,0.8174512519883395
Snacks, Fruits secs,4040309395916960517,0.8825005816560345
Snacks, Mélange de noix,1398916057693154435,1.124671109491026
Snacks, Mélange de noix,3613034820097847946,1.5258994025191082
Snacks, Mélange de noix,4022156798136500082,1.32984156287112
Snacks, Mélange de noix,5110087086292993141,1.0482719122032242
Snacks, Mélange de noix,7452943739383881517,0.9788816724412649
Snacks, Noisettes,1184961100045499822,1.0965202338663342
Snacks, Noisettes,1451624937528175555,0.9928266980028485
Snacks, Noisettes,2104543592812822744,0.5806571241357378
Snacks, Noisettes,2962943374262432228,0.6176264635733298
Snacks, Noisettes,6671330369609275568,0.43651736205769376
Snacks, Noix de cajou,101096562262857920,0.839083344744888
Snacks, Noix de cajou,765430321973556213,0.5574277952944102
Snacks, Noix de cajou,4703774559543980286,0.9250665446000058
Snacks, Noix de cajou,5091470239359120051,0.7913775776674912
Snacks, Noix de cajou,6668319472714159842,1.3789469979253421
Snacks, Pistaches,1542996563337837902,0.9263581519556653
Snacks, Pistaches,2753732426806426140,0.8769642401477816
Snacks, Pistaches,6945271171572395023,0.8677438302486671
Snacks, Pistaches,7317533108898283014,1.4652206762011621
Snacks, Pistaches,7882404036501138945,1.079677936365568
Snacks, Popcorn,1813273737625793626,0.862384999582506
Snacks, Popcorn,2090185060272207135,0.9957363777825977
Snacks, Popcorn,4017473074104395260,1.184859700173179
Snacks, Popcorn,4272113431201776838,0.9588210753940783
Snacks, Popcorn,7039217783387414419,0.8242543978640011
Snacks,Chips nature,625144249265079453,1.0101327998468355
Snacks,Chips nature,1516208587644171459,1.0611545899886838
Snacks,Chips nature,6603983299513072341,1.4776672728895188
Snacks,Chips nature,7580863135081281319,1.0278090064404137
Snacks,Chips nature,7789413514417863893,0.8954269757072171
Surgelés, Filets de poisson panés,388546570104608575,5.623413264748237
Surgelés, Filets de poisson panés,3197312497598116522,3.833824441385368
Surgelés, Filets de poisson panés,3753711820149372950,7.1471855114035145
Surgelés, Filets de poisson panés,4547391656129127557,5.5226920765846685
Surgelés, Filets de poisson panés,5790595543053983492,6.6837988291839885
Surgelés, Frites surgelées,224436456754801013,5.099017888819483
Surgelés, Frites surgelées,887216003010222941,4.223008885853713
Surgelés, Frites surgelées,1152404745231207488,8.049694801387133
Surgelés, Frites surgelées,6704292223417936112,2.6111452050428055
Surgelés, Frites surgelées,9122600862719203984,5.673932317152961
Surgelés, Fruits rouges surgelés,972249364245690539,3.9723222550819983
Surgelés, Fruits rouges surgelés,3036217757964526969,3.659147874816418
Surgelés, Fruits rouges surgelés,3804833480499024630,4.682333998009604
Surgelés, Fruits rouges surgelés,5310514402138350508,6.080044079220999
Surgelés, Fruits rouges surgelés,6306887168451855006,4.817506847712937
Surgelés, Glace au chocolat,554404296852372088,2.863665894444661
Surgelés, Glace au chocolat,786951446714097460,3.462300405692777
Surgelés, Glace au chocolat,5807479514767221110,4.326606018477167
Surgelés, Glace au chocolat,6373420801511253392,4.879717850324177
Surgelés, Glace au chocolat,8851438334968695971,6.748992361161585
Surgelés, Glace à la vanille,621044723860664209,4.796167753010525
Surgelés, Glace à la vanille,1821362311315217506,3.145924090217232
Surgelés, Glace à la vanille,2857928811071192765,4.042456535390389
Surgelés, Glace à la vanille,4812890727783335305,4.1412664021918175
Surgelés, Glace à la vanille,5546022801481648626,5.910085104373476
Surgelés, Légumes surgelés,1327825279294755156,6.463303397115225
Surgelés, Légumes surgelés,4130355473619442626,5.293424435696881
Surgelés, Légumes surgelés,5998260092149374485,4.148666278116486
Surgelés, Légumes surgelés,8154102334467397606,4.732912294535038
Surgelés, Légumes surgelés,9181745160284137955,4.705607315091905
Surgelés, Nuggets de poulet,2898825496617851467,5.706792652891714
Surgelés, Nuggets de poulet,4478984205016380704,3.4926374371191837
Surgelés, Nuggets de poulet,4985963304770592334,3.3863405217318387
Surgelés, Nuggets de poulet,7306977576380401557,4.5524624130123525
Surgelés, Nuggets de poulet,7950504468055164397,4.76236107845894
Surgelés, Pâtes fraîches surgelées,840453849118210671,4.812646854544561
Surgelés, Pâtes fraîches surgelées,3460811060285860658,4.898922778829612
Surgelés, Pâtes fraîches surgelées,5312903160219484314,2.5830420043730684
Surgelés, Pâtes fraîches surgelées,7876625473999280693,5.951156721867736
Surgelés, Pâtes fraîches surgelées,8481179774676794366,6.792830299614594
Surgelés, Sorbet citron,342465850654961247,1.9149739655267775
Surgelés, Sorbet citron,414410430892482177,4.518946553222814
Surgelés, Sorbet citron,4951500071177664186,2.393447528278979
Surgelés, Sorbet citron,5525973012427453386,4.691893389514398
Surgelés, Sorbet citron,8430130653426092907,4.273710887144335
Surgelés, Sorbet framboise,3466204352679915733,9.594119474059642
Surgelés, Sorbet framboise,3636373622647981455,5.718227806444514
Surgelés, Sorbet framboise,6384408296581847111,3.7456364677298315
Surgelés, Sorbet framboise,6438399773724514531,10.305100841761528
Surgelés, Sorbet framboise,6927012468622499988,5.023261301976458
Surgelés,Pizza surgelée,606383340849456352,2.9384959596557683
Surgelés,Pizza surgelée,1105458398223176150,4.580796597470962
Surgelés,Pizza surgelée,3466155173176562117,5.13028320546406
Surgelés,Pizza surgelée,3982084901594823515,4.284323001657807
Surgelés,Pizza surgelée,6954556590310188604,3.5918649227066775
Viandes et volailles, Agneau,852441989121437256,5.062556192993162
Viandes et volailles, Agneau,3611702433271748112,11.26053566836175
Viandes et volailles, Agneau,4475154496736109334,9.726300028417853
Viandes et volailles, Agneau,8141846007437502990,8.052790771423405
Viandes et volailles, Agneau,8630466505705897749,9.576194235337114
Viandes et volailles, Bacon,224248401025712146,4.699329666174513
Viandes et volailles, Bacon,4992043186013647241,8.56320246483829
Viandes et volailles, Bacon,5175142963212048414,9.534290942376856
Viandes et volailles, Bacon,6320436070634979976,7.468357804141945
Viandes et volailles, Bacon,7543323211087417762,7.363754678786117
Viandes et volailles, Bœuf haché,368559947616167043,9.13876647283385
Viandes et volailles, Bœuf haché,821582318121634464,11.417780764764116
Viandes et volailles, Bœuf haché,2975852813707428901,9.09343645210772
Viandes et volailles, Bœuf haché,5808744853079416688,6.008505793806474
Viandes et volailles, Bœuf haché,6338860595052443810,9.624617260832878
Viandes et volailles, Charcuterie mixte,616466616916899109,8.195908598734436
Viandes et volailles, Charcuterie mixte,1619311537369695790,4.119068580620802
Viandes et volailles, Charcuterie mixte,1820552067246115976,6.627815947189228
Viandes et volailles, Charcuterie mixte,4045123909748177334,8.122404934483683
Viandes et volailles, Charcuterie mixte,8063382530198672430,9.011735633411764
Viandes et volailles, Côte de porc,348910687531111514,7.609444834642924
Viandes et volailles, Côte de porc,814215188124527897,10.845148113089776
Viandes et volailles, Côte de porc,4115899928296297642,7.280898463166176
Viandes et volailles, Côte de porc,4711586887637032408,5.776468984428374
Viandes et volailles, Côte de porc,7791561938053305595,9.783477241562005
Viandes et volailles, Dinde,1503766383215573795,9.558112841656447
Viandes et volailles, Dinde,3769330917468562800,8.80180834489536
Viandes et volailles, Dinde,5921298365697928251,7.943002708069116
Viandes et volailles, Dinde,5937755047205570977,9.407356581741698
Viandes et volailles, Dinde,6795468910140883632,6.767470289586693
Viandes et volailles, Filet de veau,309861043042609034,8.664091220713328
Viandes et volailles, Filet de veau,1111056140822891938,8.401230451356716
Viandes et volailles, Filet de veau,1440591626829253408,10.273707837226288
Viandes et volailles, Filet de veau,1969572414361026491,5.871287798362491
Viandes et volailles, Filet de veau,5615897239283243014,9.150355980797219
Viandes et volailles, Jambon blanc,6211081166314942229,6.649920163939003
Viandes et volailles, Jambon blanc,7040635932133880434,9.656395055624893
Viandes et volailles, Jambon blanc,7133079605138884347,6.252091172685413
Viandes et volailles, Jambon blanc,7605392316432950370,9.445022783483266
Viandes et volailles, Jambon blanc,8257566758676028497,7.775032765217373
Viandes et volailles, Jambon cru,2613874651132292709,9.904433148830323
Viandes et volailles, Jambon cru,3376036071242902496,8.976539960354133
Viandes et volailles, Jambon cru,4776379068579421025,7.897782818236583
Viandes et volailles, Jambon cru,5620841259902224955,8.287566290991972
Viandes et volailles, Jambon cru,6459643307621197549,4.286484568742766
Viandes et volailles, Mortadelle,1522203014213167621,6.898580260845007
Viandes et volailles, Mortadelle,2284412522308784856,9.506142273830147
Viandes et volailles, Mortadelle,2555517088678879399,9.893730971421105
Viandes et volailles, Mortadelle,4245715492570882555,9.552585268987185
Viandes et volailles, Mortadelle,8541206281074149144,10.497111953064616
Viandes et volailles, Poulet rôti,2604815351731019011,7.990931408919446
Viandes et volailles, Poulet rôti,4453477573208508613,8.261125474643324
Viandes et volailles, Poulet rôti,5450563829988892551,7.71806485817124
Viandes et volailles, Poulet rôti,5587615038756752068,4.195489752783573
Viandes et volailles, Poulet rôti,6178091556839338064,10.695339621182478
Viandes et volailles, Salami,669226568174211744,7.945939563656871
Viandes et volailles, Salami,2658583384201096389,8.998664254378976
Viandes et volailles, Salami,5606290013460937798,8.755412758631772
Viandes et volailles, Salami,7265899663763303439,3.601417882698847
Viandes et volailles, Salami,7681314252091470931,6.709122509037373
Viandes et volailles, Saucisse,1172506187164794445,12.310359099791826
Viandes et volailles, Saucisse,1725184711520401011,9.579553441885718
Viandes et volailles, Saucisse,5061184525525197852,9.636480979097954
Viandes et volailles, Saucisse,7893099623472885951,4.418713293379058
Viandes et volailles, Saucisse,8897646231913383209,10.01388255068801
Viandes et volailles, Steak de bœuf,2510027342796099288,6.447354696625554
Viandes et volailles, Steak de bœuf,3997577596384735292,6.340592848617672
Viandes et volailles, Steak de bœuf,4116371386376983433,6.081517453466949
Viandes et volailles, Steak de bœuf,4131964509920499964,7.9299233642668785
Viandes et volailles, Steak de bœuf,5392172228049490869,12.949125347645193
Viandes et volailles,Poulet,1584582066242216440,2.8808241803196886
Viandes et volailles,Poulet,3223047531818156998,7.868913442959957
Viandes et volailles,Poulet,4579802012818437087,9.57328123302746
Viandes et volailles,Poulet,7492657230359622685,7.9128315752503
Viandes et volailles,Poulet,8140556507075573371,6.007765113340826
