Rayon,Produit,EAN_ano
Boissons, Bière blonde,2264541478651595169
Boissons, Bière blonde,2979270589680967319
Boissons, Bière blonde,3579635312878738168
Boissons, Bière blonde,4821665927323460559
Boissons, Bière blonde,7752671459772549538
Boissons, Bière brune,68830518497714234
Boissons, Bière brune,2896823354724178191
Boissons, Bière brune,2985491113912175471
Boissons, Bière brune,5770062874167856575
Boissons, Bière brune,6630954453376507020
Boissons, Boisson énergisante,1006446752445911344
Boissons, Boisson énergisante,2873430894459627759
Boissons, Boisson énergisante,2942750927143187357
Boissons, Boisson énergisante,6309263692299780747
Boissons, Boisson énergisante,9077344731456141205
Boissons, Café moulu,762734702093102824
Boissons, Café moulu,2877742733543011701
Boissons, Café moulu,3958729596617062050
Boissons, Café moulu,5515682060086506792
Boissons, Café moulu,8143507142170440501
Boissons, Café soluble,30773826287340543
Boissons, Café soluble,380113717085936253
Boissons, Café soluble,4664902309018404365
Boissons, Café soluble,5763005676032321071
Boissons, Café soluble,8051484287599691177
Boissons, Eau gazeuse,10821934684021114
Boissons, Eau gazeuse,570131034150471860
Boissons, Eau gazeuse,4378122856250882037
Boissons, Eau gazeuse,4786798048053437660
Boissons, Eau gazeuse,7684530340256247555
Boissons, Infusions,127283521318305758
Boissons, Infusions,203471208477399194
Boissons, Infusions,1909317009825593275
Boissons, Infusions,2359097782418654184
Boissons, Infusions,3414766017047509330
Boissons, Jus d'orange,2212483480978642555
Boissons, Jus d'orange,2431537919887301405
Boissons, Jus d'orange,3560173670845533900
Boissons, Jus d'orange,5138069354234506992
Boissons, Jus d'orange,6525489058952936852
Boissons, Jus de pomme,190849893346924085
Boissons, Jus de pomme,1581592109111985026
Boissons, Jus de pomme,6387100259841544892
Boissons, Jus de pomme,7357196685756626081
Boissons, Jus de pomme,8518718245540679491
Boissons, Jus multi-fruits,438355585359822657
Boissons, Jus multi-fruits,577136884477805425
Boissons, Jus multi-fruits,3469834522689148715
Boissons, Jus multi-fruits,5204605990778490999
Boissons, Jus multi-fruits,8079497305727822876
Boissons, Lait chocolaté,811695148038382931
Boissons, Lait chocolaté,833150295676003235
Boissons, Lait chocolaté,2809124383570218822
Boissons, Lait chocolaté,3685414792909161379
Boissons, Lait chocolaté,4406261564101231369
Boissons, Limonade,1107008686670917811
Boissons, Limonade,1549911727525583775
Boissons, Limonade,4116412218816091031
Boissons, Limonade,5407051754425410374
Boissons, Limonade,5925639182285620967
Boissons, Sirop de grenadine,577250770557746498
Boissons, Sirop de grenadine,1777075443009769473
Boissons, Sirop de grenadine,2611123654827161756
Boissons, Sirop de grenadine,3550991341461008440
Boissons, Sirop de grenadine,7076565330430205381
Boissons, Sirop de menthe,2353401109494769463
Boissons, Sirop de menthe,2398247971813008625
Boissons, Sirop de menthe,3854571658375568497
Boissons, Sirop de menthe,5526313644437475119
Boissons, Sirop de menthe,8203663293565051322
Boissons, Thé glacé,466099652291633341
Boissons, Thé glacé,1859999795936408992
Boissons, Thé glacé,5824685285526579938
Boissons, Thé glacé,7511686379883041359
Boissons, Thé glacé,8837351477066638535
Boissons, Thé noir,714754509739459631
Boissons, Thé noir,749989737942490754
Boissons, Thé noir,3174115119510019789
Boissons, Thé noir,4189636314529315953
Boissons, Thé noir,7573811386559384717
Boissons, Thé vert,758144666112903365
Boissons, Thé vert,1251140810937602895
Boissons, Thé vert,3275179178296240247
Boissons, Thé vert,4185093298841171067
Boissons, Thé vert,7942334927678131911
Boissons, Vin blanc,1898696926728099903
Boissons, Vin blanc,2402494076694767970
Boissons, Vin blanc,2438143148506175413
Boissons, Vin blanc,2544443022344558824
Boissons, Vin blanc,7645539701636441686
Boissons, Vin rouge,2671728558909588417
Boissons, Vin rouge,3013247302567196867
Boissons, Vin rouge,6174246464065074212
Boissons, Vin rouge,7032754970580738976
Boissons, Vin rouge,7425500344563540994
Boissons,Eau plate,748738434646373311
Boissons,Eau plate,3218063401449643482
Boissons,Eau plate,3628098360522537935
Boissons,Eau plate,6492801099545901052
Boissons,Eau plate,8071167536035805421
Boulangerie, Baguette,2043342075081755347
Boulangerie, Baguette,2373101129822807236
Boulangerie, Baguette,4404171738901233542
Boulangerie, Baguette,5700282206323972874
Boulangerie, Baguette,8104932347111210972
Boulangerie, Brioche,2154797935785345898
Boulangerie, Brioche,3311963935718233531
Boulangerie, Brioche,4468728196383239943
Boulangerie, Brioche,4989005402918441458
Boulangerie, Brioche,7814548267667147134
Boulangerie, Croissant,1442662014849096235
Boulangerie, Croissant,2350788176401672113
Boulangerie, Croissant,6628703940005967064
Boulangerie, Croissant,7103572064169453877
Boulangerie, Croissant,9119613675609592053
Boulangerie, Muffin,3631343878562371137
Boulangerie, Muffin,4301207985803398033
Boulangerie, Muffin,5042977348112104708
Boulangerie, Muffin,7625375013052604666
Boulangerie, Muffin,9121643741731995910
Boulangerie, Pain au chocolat,1040638099931595404
Boulangerie, Pain au chocolat,1568704969617801797
Boulangerie, Pain au chocolat,1820724220797546096
Boulangerie, Pain au chocolat,5907474206513441747
Boulangerie, Pain au chocolat,6705395838275805769
Boulangerie, Pain aux céréales,614051026872296589
Boulangerie, Pain aux céréales,2673051428329114878
Boulangerie, Pain aux céréales,3499993029250314279
Boulangerie, Pain aux céréales,3864196519790547552
Boulangerie, Pain aux céréales,4955224573534135494
Boulangerie, Pain blanc,30312147688242179
Boulangerie, Pain blanc,588590269185772461
Boulangerie, Pain blanc,5650554674936908214
Boulangerie, Pain blanc,8335676200287817718
Boulangerie, Pain blanc,8840892759416367762
Boulangerie, Pain de mie,583558677119248887
Boulangerie, Pain de mie,4223093805720234807
Boulangerie, Pain de mie,4352417363841958279
Boulangerie, Pain de mie,4946301137315272538
Boulangerie, Pain de mie,5428753005953087921
Boulangerie, Tortilla,57745533304075689
Boulangerie, Tortilla,475644372396749315
Boulangerie, Tortilla,1431387875598051298
Boulangerie, Tortilla,4370444879949210335
Boulangerie, Tortilla,7066660777004855033
Boulangerie, Wraps,236344530812969426
Boulangerie, Wraps,3220291156076109889
Boulangerie, Wraps,4822298947690140735
Boulangerie, Wraps,5532563388059687405
Boulangerie, Wraps,7875790853024471336
Boulangerie,Pain complet,547084717729884226
Boulangerie,Pain complet,1760393458863915837
Boulangerie,Pain complet,5403288355807576593
Boulangerie,Pain complet,8194760324442301340
Boulangerie,Pain complet,9179487868140608745
Conserves, Champignons en boîte,4673492630908188878
Conserves, Champignons en boîte,4887004361078314285
Conserves, Champignons en boîte,5687239247494981934
Conserves, Champignons en boîte,6091264809553966145
Conserves, Champignons en boîte,8664588862935240491
Conserves, Compote de pommes,417094663134258574
Conserves, Compote de pommes,1704602446264124744
Conserves, Compote de pommes,4113017741342954844
Conserves, Compote de pommes,5113076029789405958
Conserves, Compote de pommes,5142453119352827940
Conserves, Cornichons,2051083012536384826
Conserves, Cornichons,3158575379675103076
Conserves, Cornichons,3759633761791399116
Conserves, Cornichons,7089186895942731393
Conserves, Cornichons,8651639402609993236
Conserves, Haricots rouges,1883199664951730454
Conserves, Haricots rouges,4962916493427500717
Conserves, Haricots rouges,5217836482643700417
Conserves, Haricots rouges,6353521910711161783
Conserves, Haricots rouges,8039886480139327640
Conserves, Maïs en conserve,545872014904829087
Conserves, Maïs en conserve,2963579634685823237
Conserves, Maïs en conserve,4519399503929975315
Conserves, Maïs en conserve,6505209472126571470
Conserves, Maïs en conserve,6877866364150586390
Conserves, Moutarde,2216917028316443046
Conserves, Moutarde,3948775315620615095
Conserves, Moutarde,5706895338687786153
Conserves, Moutarde,8265672947389294487
Conserves, Moutarde,8549936571679041241
Conserves, Olives noires,358977610402000100
Conserves, Olives noires,3075108547324304805
Conserves, Olives noires,5061214021939948042
Conserves, Olives noires,6271378164803714862
Conserves, Olives noires,8253665794644063293
Conserves, Olives vertes,2145819880780318618
Conserves, Olives vertes,3257171361205318224
Conserves, Olives vertes,5789399187983305303
Conserves, Olives vertes,6644320179957975351
Conserves, Olives vertes,8363025688219228445
Conserves, Pois chiches en conserve,4224502252732787979
Conserves, Pois chiches en conserve,4729009810798028547
Conserves, Pois chiches en conserve,4853466473408736905
Conserves, Pois chiches en conserve,5623175766870140354
Conserves, Pois chiches en conserve,6373866962694234964
Conserves, Ratatouille en conserve,698084595395981379
Conserves, Ratatouille en conserve,1126256761147774169
Conserves, Ratatouille en conserve,2642355549962113370
Conserves, Ratatouille en conserve,5762625516097633806
Conserves, Ratatouille en conserve,9155259191996778401
Conserves, Sardines en conserve,1902379397794535071
Conserves, Sardines en conserve,3056368963684411870
Conserves, Sardines en conserve,4402441628200486825
Conserves, Sardines en conserve,4779564066919268639
Conserves, Sardines en conserve,5863270389387302977
Conserves, Sauce pesto,779611700859104308
Conserves, Sauce pesto,2137068738710814973
Conserves, Sauce pesto,5959205714152911287
Conserves, Sauce pesto,6703358020813014935
Conserves, Sauce pesto,8533991611516399964
Conserves, Sauce tomate,323712292187274623
Conserves, Sauce tomate,1713733494736138677
Conserves, Sauce tomate,2447749556914782709
Conserves, Sauce tomate,4711055150201217232
Conserves, Sauce tomate,6463427349022625516
Conserves, Soupe en conserve,3310854698014143381
Conserves, Soupe en conserve,4884715749712084916
Conserves, Soupe en conserve,6409233082067792631
Conserves, Soupe en conserve,7241415100874089224
Conserves, Soupe en conserve,7557894208247364796
Conserves, Thon en boîte,1385047739477137733
Conserves, Thon en boîte,4715387514670944350
Conserves, Thon en boîte,5546799635032566418
Conserves, Thon en boîte,7283091629934287070
Conserves, Thon en boîte,8195706528261658834
Conserves,Tomates pelées,1251469539479191578
Conserves,Tomates pelées,1882914454961589914
Conserves,Tomates pelées,3907486609571468867
Conserves,Tomates pelées,6191177072161744722
Conserves,Tomates pelées,7812006684234404344
Fruits, Abricot,683895254415825573
Fruits, Abricot,1005637519499779299
Fruits, Abricot,1791754628376795443
Fruits, Abricot,4871506151172896379
Fruits, Abricot,5239114273133698669
Fruits, Ananas,898495529638960263
Fruits, Ananas,2795170582225208556
Fruits, Ananas,5171953400140639113
Fruits, Ananas,5730367167096094378
Fruits, Ananas,7509838711968107109
Fruits, Banane,2596316852813652555
Fruits, Banane,4164895248383123898
Fruits, Banane,5410353565636137969
Fruits, Banane,6049194872580041735
Fruits, Banane,7390755725213631887
Fruits, Cerise,41913081167414527
Fruits, Cerise,863951321826291331
Fruits, Cerise,5025348684547710275
Fruits, Cerise,6238591773800926672
Fruits, Cerise,8163162055388325282
Fruits, Citron,1642557988240478335
Fruits, Citron,3517618027199179799
Fruits, Citron,4776955849020646110
Fruits, Citron,7944452925181641276
Fruits, Citron,8705439848018609725
Fruits, Fraise,3666216083275727503
Fruits, Fraise,6403677056686803786
Fruits, Fraise,6556825488792485567
Fruits, Fraise,6618731356926733314
Fruits, Fraise,8063775927644711047
Fruits, Kiwi,1175942788843664482
Fruits, Kiwi,1979732471705655259
Fruits, Kiwi,6380732505556378157
Fruits, Kiwi,6821688756259555480
Fruits, Kiwi,7622787194613122361
Fruits, Mangue,1224763399990921062
Fruits, Mangue,4132512952981092084
Fruits, Mangue,4484000125488747914
Fruits, Mangue,4939832918034612252
Fruits, Mangue,8944885901989201604
Fruits, Melon,243722220552496538
Fruits, Melon,3962833616872258658
Fruits, Melon,4902034820375579301
Fruits, Melon,6711878413281601691
Fruits, Melon,7656463956645964040
Fruits, Orange,972281229901558911
Fruits, Orange,1364234534803201093
Fruits, Orange,3701278297760225007
Fruits, Orange,7644169292883633674
Fruits, Orange,7666334964738716296
Fruits, Pastèque,915293029491256405
Fruits, Pastèque,2111527229427211719
Fruits, Pastèque,8746241932544152718
Fruits, Pastèque,8901013779422514337
Fruits, Pastèque,8955662483093563234
Fruits, Poire,831683566782225242
Fruits, Poire,3001281145452212245
Fruits, Poire,4778055621047947956
Fruits, Poire,7457413862915895618
Fruits, Poire,9002712166524018744
Fruits, Prune,998401192570361038
Fruits, Prune,3754353787600389543
Fruits, Prune,6736563510561725512
Fruits, Prune,8213120035027537749
Fruits, Prune,8502472657126485060
Fruits, Pêche,170528802066311829
Fruits, Pêche,3786229385392824004
Fruits, Pêche,5371328450978885647
Fruits, Pêche,6407383942199828223
Fruits, Pêche,6782554046977995765
Fruits, Raisin,888092619820793627
Fruits, Raisin,1723076443737752028
Fruits, Raisin,1816075084197935398
Fruits, Raisin,8337961187360223109
Fruits, Raisin,9079569454052293152
Fruits,Pomme,2131476945109205199
Fruits,Pomme,2682301946608196541
Fruits,Pomme,3054132874407224320
Fruits,Pomme,6098597346484114817
Fruits,Pomme,7572854428100308935
Légumes, Ail,4144410270579037019
Légumes, Ail,5516249103966481449
Légumes, Ail,6476811631231053198
Légumes, Ail,7501727557321469057
Légumes, Ail,7747704774880951369
Légumes, Asperge,492013211054368434
Légumes, Asperge,1025308837715934726
Légumes, Asperge,3383310799306315778
Légumes, Asperge,8201514031437504514
Légumes, Asperge,8742512248305089344
Légumes, Aubergine,2683536588562258076
Légumes, Aubergine,3294465282233368840
Légumes, Aubergine,3864274852401961373
Légumes, Aubergine,4093177861412245920
Légumes, Aubergine,8809217453577454361
Légumes, Betterave,2146033808162693194
Légumes, Betterave,2766582803618912212
Légumes, Betterave,3230697178889770644
Légumes, Betterave,5274226463420271721
Légumes, Betterave,6401058917173656782
Légumes, Brocoli,1556357152930843762
Légumes, Brocoli,1644950510138468649
Légumes, Brocoli,6256119792622139400
Légumes, Brocoli,7367618021597211277
Légumes, Brocoli,7779729257488286152
Légumes, Champignon,3091668608934601121
Légumes, Champignon,3799180802070872458
Légumes, Champignon,4397735894206632773
Légumes, Champignon,4650989127415077860
Légumes, Champignon,6412743952870744222
Légumes, Chou-fleur,701154129687663490
Légumes, Chou-fleur,3164024531123151710
Légumes, Chou-fleur,5503453721672916045
Légumes, Chou-fleur,7302596684502944545
Légumes, Chou-fleur,8949116230078879190
Légumes, Concombre,3136508944252326290
Légumes, Concombre,4933599150698361577
Légumes, Concombre,6534832189654078807
Légumes, Concombre,7302877840821459093
Légumes, Concombre,7335063493729932427
Légumes, Courgette,3154447004682667855
Légumes, Courgette,3360754490294020811
Légumes, Courgette,4244265210590183363
Légumes, Courgette,7776935491086838632
Légumes, Courgette,8700812423556409316
Légumes, Fenouil,6106516415990225320
Légumes, Fenouil,7147681772746992614
Légumes, Fenouil,7485961858932980351
Légumes, Fenouil,8189147454170864206
Légumes, Fenouil,8390712177559652297
Légumes, Haricot vert,4021534079196003965
Légumes, Haricot vert,4449748065174063319
Légumes, Haricot vert,5421404348835740822
Légumes, Haricot vert,6318992751479938635
Légumes, Haricot vert,8729099977332429683
Légumes, Maïs,2737073064296656689
Légumes, Maïs,3171038603375690778
Légumes, Maïs,3811227127843939806
Légumes, Maïs,5158778200188957837
Légumes, Maïs,8029666412070334249
Légumes, Navet,1676922767646754682
Légumes, Navet,2609349570213769700
Légumes, Navet,5216291251699440068
Légumes, Navet,5243617735883210380
Légumes, Navet,5537189437164507321
Légumes, Oignon,4424257178926443217
Légumes, Oignon,4490834241298612156
Légumes, Oignon,7779434036291982604
Légumes, Oignon,8045034316421766324
Légumes, Oignon,8909984848035566522
Légumes, Patate douce,74061246656395545
Légumes, Patate douce,1136632100748548510
Légumes, Patate douce,6139034197331179807
Légumes, Patate douce,6278743895254370136
Légumes, Patate douce,6283899034275427236
Légumes, Petits pois,810606378999087603
Légumes, Petits pois,1388460296558816375
Légumes, Petits pois,5971011573866690524
Légumes, Petits pois,6725051725808707359
Légumes, Petits pois,7851508898763783954
Légumes, Poivron,1542863524791901222
Légumes, Poivron,1787578869583585417
Légumes, Poivron,6284633521059488775
Légumes, Poivron,8065233324873541665
Légumes, Poivron,8493360035848169142
Légumes, Pomme de terre,303333512016574911
Légumes, Pomme de terre,971059173630063638
Légumes, Pomme de terre,2642288379009682817
Légumes, Pomme de terre,5844437911934545611
Légumes, Pomme de terre,8477650856887881219
Légumes, Radis,676896773577743332
Légumes, Radis,1831016391882278755
Légumes, Radis,2451823309019675634
Légumes, Radis,5404225229012873567
Légumes, Radis,6352613381557882979
Légumes, Salade,4307145610425763110
Légumes, Salade,6203844576574116941
Légumes, Salade,6383275529080039981
Légumes, Salade,6490717614491032365
Légumes, Salade,6843486606320500308
Légumes, Tomate,2255437609952258743
Légumes, Tomate,4149451359983656772
Légumes, Tomate,4460405640828886361
Légumes, Tomate,5463508163678899627
Légumes, Tomate,5777755697132967048
Légumes, Épinard,2330180762865756962
Légumes, Épinard,3892279312191704618
Légumes, Épinard,4265116490375280687
Légumes, Épinard,4649133433808841845
Légumes, Épinard,6948484269519420192
Légumes,Carotte,1874949502026473978
Légumes,Carotte,2019544299041399838
Légumes,Carotte,3334776268854205078
Légumes,Carotte,7128683654597978521
Légumes,Carotte,7228962383401295781
Petit-déjeuner, Barres de céréales,352483853583146394
Petit-déjeuner, Barres de céréales,2282536529851030055
Petit-déjeuner, Barres de céréales,3636898518933997397
Petit-déjeuner, Barres de céréales,4563624824587771524
Petit-déjeuner, Barres de céréales,5834230403655979429
Petit-déjeuner, Beurre de cacahuète,93285573860696871
Petit-déjeuner, Beurre de cacahuète,1838715923399420021
Petit-déjeuner, Beurre de cacahuète,2840918211553634245
Petit-déjeuner, Beurre de cacahuète,3022033922237649507
Petit-déjeuner, Beurre de cacahuète,4039657070537799954
Petit-déjeuner, Biscottes,1476348924477919880
Petit-déjeuner, Biscottes,3552393386373434024
Petit-déjeuner, Biscottes,3598430127212988358
Petit-déjeuner, Biscottes,3864878929267876260
Petit-déjeuner, Biscottes,6445538252227876788
Petit-déjeuner, Confiture d'abricot,667125239329400210
Petit-déjeuner, Confiture d'abricot,1953184554455057115
Petit-déjeuner, Confiture d'abricot,4871029400520921519
Petit-déjeuner, Confiture d'abricot,4989957284685550810
Petit-déjeuner, Confiture d'abricot,5688212503991114278
Petit-déjeuner, Confiture de fraise,5705364086580278870
Petit-déjeuner, Confiture de fraise,6824531060906512666
Petit-déjeuner, Confiture de fraise,7522719435891304783
Petit-déjeuner, Confiture de fraise,8671766877501656807
Petit-déjeuner, Confiture de fraise,8712216889996009077
Petit-déjeuner, Céréales chocolatées,203923243057750896
Petit-déjeuner, Céréales chocolatées,1868645260718153943
Petit-déjeuner, Céréales chocolatées,3034674157710794171
Petit-déjeuner, Céréales chocolatées,3905336970973359117
Petit-déjeuner, Céréales chocolatées,7506489463189167193
Petit-déjeuner, Granola,3929264670311430729
Petit-déjeuner, Granola,5438467691135850831
Petit-déjeuner, Granola,6619844841514664977
Petit-déjeuner, Granola,6770244364470862327
Petit-déjeuner, Granola,8825638726817010051
Petit-déjeuner, Muesli,684890175769059974
Petit-déjeuner, Muesli,3534178013875079594
Petit-déjeuner, Muesli,4529838896536121592
Petit-déjeuner, Muesli,6122144439359882845
Petit-déjeuner, Muesli,8579582868353233562
Petit-déjeuner, Nutella,2972599865691827674
Petit-déjeuner, Nutella,3182700685737307973
Petit-déjeuner, Nutella,5297859508665916198
Petit-déjeuner, Nutella,6820829042030805026
Petit-déjeuner, Nutella,8689115278755972312
Petit-déjeuner, Pain grillé,1823193991513853122
Petit-déjeuner, Pain grillé,3073328150919783929
Petit-déjeuner, Pain grillé,7111103528837260613
Petit-déjeuner, Pain grillé,7633698808143051968
Petit-déjeuner, Pain grillé,8897218540200207366
Petit-déjeuner, Pâte à tartiner bio,1575332651010596876
Petit-déjeuner, Pâte à tartiner bio,6423456056023762444
Petit-déjeuner, Pâte à tartiner bio,6624759518460980466
Petit-déjeuner, Pâte à tartiner bio,8780029679304131125
Petit-déjeuner, Pâte à tartiner bio,9181714868571881563
Petit-déjeuner,Céréales nature,18997436019483541
Petit-déjeuner,Céréales nature,582880787772575921
Petit-déjeuner,Céréales nature,3860356339494377067
Petit-déjeuner,Céréales nature,5919534232960174985
Petit-déjeuner,Céréales nature,5956742775895675469
Poissons et fruits de mer, Anchois,542027530891480442
Poissons et fruits de mer, Anchois,1731493144120206688
Poissons et fruits de mer, Anchois,2162108211535290469
Poissons et fruits de mer, Anchois,6648550653024990978
Poissons et fruits de mer, Anchois,9222223902060594086
Poissons et fruits de mer, Cabillaud,1301486436228295154
Poissons et fruits de mer, Cabillaud,4342257262778011855
Poissons et fruits de mer, Cabillaud,4981057464319218729
Poissons et fruits de mer, Cabillaud,7245287927327889100
Poissons et fruits de mer, Cabillaud,8238487446599712361
Poissons et fruits de mer, Calamar,938726226203341732
Poissons et fruits de mer, Calamar,1109916914900519142
Poissons et fruits de mer, Calamar,4632107707722524591
Poissons et fruits de mer, Calamar,6296583726246969699
Poissons et fruits de mer, Calamar,8068217111757098046
Poissons et fruits de mer, Coquilles Saint-Jacques,426958912287109417
Poissons et fruits de mer, Coquilles Saint-Jacques,1392629902357570067
Poissons et fruits de mer, Coquilles Saint-Jacques,2306561782985148310
Poissons et fruits de mer, Coquilles Saint-Jacques,7491086076484113981
Poissons et fruits de mer, Coquilles Saint-Jacques,8378665152201062261
Poissons et fruits de mer, Crevettes,3062192909660801465
Poissons et fruits de mer, Crevettes,3482330647071675416
Poissons et fruits de mer, Crevettes,4826634820792804449
Poissons et fruits de mer, Crevettes,6119087279457753807
Poissons et fruits de mer, Crevettes,8621152899570844485
Poissons et fruits de mer, Filet de sole,964314011696282993
Poissons et fruits de mer, Filet de sole,4809199206035048522
Poissons et fruits de mer, Filet de sole,6653361415819720224
Poissons et fruits de mer, Filet de sole,7424402806318357863
Poissons et fruits de mer, Filet de sole,8958832252662373099
Poissons et fruits de mer, Huîtres,2345285194032385742
Poissons et fruits de mer, Huîtres,2925225885772194022
Poissons et fruits de mer, Huîtres,7284073775546599608
Poissons et fruits de mer, Huîtres,8283365684041062584
Poissons et fruits de mer, Huîtres,9037843504564297629
Poissons et fruits de mer, Maquereau,169432728042288536
Poissons et fruits de mer, Maquereau,1797037299702063010
Poissons et fruits de mer, Maquereau,2450120920286620946
Poissons et fruits de mer, Maquereau,5024594968220410991
Poissons et fruits de mer, Maquereau,8449609767767569508
Poissons et fruits de mer, Moules,31294467894780033
Poissons et fruits de mer, Moules,1532559703922230257
Poissons et fruits de mer, Moules,2463013792836083329
Poissons et fruits de mer, Moules,4531169680957121271
Poissons et fruits de mer, Moules,8069879833918114949
Poissons et fruits de mer, Sardine,2349044229189637668
Poissons et fruits de mer, Sardine,2900223007275749706
Poissons et fruits de mer, Sardine,4379862286904206914
Poissons et fruits de mer, Sardine,5107308421183881281
Poissons et fruits de mer, Sardine,7460692422297812625
Poissons et fruits de mer, Saumon fumé,178380236004663732
Poissons et fruits de mer, Saumon fumé,5545899868257408242
Poissons et fruits de mer, Saumon fumé,7175057355901600323
Poissons et fruits de mer, Saumon fumé,7479952181878220999
Poissons et fruits de mer, Saumon fumé,8967494789120340015
Poissons et fruits de mer, Thon frais,1281390553013358603
Poissons et fruits de mer, Thon frais,2265104999721882220
Poissons et fruits de mer, Thon frais,6078660146531037995
Poissons et fruits de mer, Thon frais,6623447825589833042
Poissons et fruits de mer, Thon frais,7868324573701927533
Poissons et fruits de mer,Saumon frais,375736667656421833
Poissons et fruits de mer,Saumon frais,2454467134569271766
Poissons et fruits de mer,Saumon frais,4198159285938225830
Poissons et fruits de mer,Saumon frais,4693678412270972284
Poissons et fruits de mer,Saumon frais,6332038350654878579
Produits d'hygiène, Après-shampoing,352321036112089456
Produits d'hygiène, Après-shampoing,2658895840626130517
Produits d'hygiène, Après-shampoing,3276722518495735581
Produits d'hygiène, Après-shampoing,4559298495349435127
Produits d'hygiène, Après-shampoing,5983663866503917768
Produits d'hygiène, Brosse à dents,3115962282803678939
Produits d'hygiène, Brosse à dents,4310918806435558488
Produits d'hygiène, Brosse à dents,4852515128171849788
Produits d'hygiène, Brosse à dents,6339463160173787021
Produits d'hygiène, Brosse à dents,7081695099557829353
Produits d'hygiène, Cotons démaquillants,987645855388731491
Produits d'hygiène, Cotons démaquillants,3644277693391267489
Produits d'hygiène, Cotons démaquillants,5489504504315901416
Produits d'hygiène, Cotons démaquillants,6756258740485287729
Produits d'hygiène, Cotons démaquillants,9007907542791389485
Produits d'hygiène, Dentifrice,3331588994921925145
Produits d'hygiène, Dentifrice,5112918369064715304
Produits d'hygiène, Dentifrice,5828627719618613444
Produits d'hygiène, Dentifrice,6714344162269101037
Produits d'hygiène, Dentifrice,8998687105922392946
Produits d'hygiène, Déodorant,16757796023832549
Produits d'hygiène, Déodorant,4469846302113101643
Produits d'hygiène, Déodorant,4551362902588176681
Produits d'hygiène, Déodorant,5307641118408767974
Produits d'hygiène, Déodorant,6147361217093062740
Produits d'hygiène, Gel douche,2124988478022602303
Produits d'hygiène, Gel douche,3107381735946778431
Produits d'hygiène, Gel douche,6767612715700861311
Produits d'hygiène, Gel douche,7015387434311017781
Produits d'hygiène, Gel douche,7851655420291411139
Produits d'hygiène, Lingettes bébé,558415047862257459
Produits d'hygiène, Lingettes bébé,1120312676583041286
Produits d'hygiène, Lingettes bébé,1366541989066604352
Produits d'hygiène, Lingettes bébé,4150761008457648199
Produits d'hygiène, Lingettes bébé,8079780769938443940
Produits d'hygiène, Mousse à raser,2930736898552423100
Produits d'hygiène, Mousse à raser,4733324965921713473
Produits d'hygiène, Mousse à raser,5631351966560524999
Produits d'hygiène, Mousse à raser,6382899128528136784
Produits d'hygiène, Mousse à raser,8458615326446332151
Produits d'hygiène, Rasoir jetable,1207038001380650396
Produits d'hygiène, Rasoir jetable,1446234085100335906
Produits d'hygiène, Rasoir jetable,2227082331727851026
Produits d'hygiène, Rasoir jetable,3132588945215639360
Produits d'hygiène, Rasoir jetable,3959873717270946238
Produits d'hygiène, Shampoing,2279090473742628859
Produits d'hygiène, Shampoing,2883537631064683085
Produits d'hygiène, Shampoing,4066183514494077990
Produits d'hygiène, Shampoing,5642792995310423207
Produits d'hygiène, Shampoing,8385481206276958137
Produits d'hygiène,Savon,771574680348172167
Produits d'hygiène,Savon,990539702373968779
Produits d'hygiène,Savon,6243471713480004819
Produits d'hygiène,Savon,7427251986200200739
Produits d'hygiène,Savon,8002049689267255889
Produits laitiers, Beurre demi-sel,857389074246619922
Produits laitiers, Beurre demi-sel,1727439296073129091
Produits laitiers, Beurre demi-sel,2476625941876132450
Produits laitiers, Beurre demi-sel,4669147151137212196
Produits laitiers, Beurre demi-sel,5486728538108879878
Produits laitiers, Beurre doux,473789801847619393
Produits laitiers, Beurre doux,493791789354899072
Produits laitiers, Beurre doux,2734437106807405877
Produits laitiers, Beurre doux,2938418215034515839
Produits laitiers, Beurre doux,5802775459974929771
Produits laitiers, Bleu,1274431276087346157
Produits laitiers, Bleu,2971741279911884850
Produits laitiers, Bleu,3146594199646851835
Produits laitiers, Bleu,7355601715264671759
Produits laitiers, Bleu,8019820452377712654
Produits laitiers, Brie,1323467191842176804
Produits laitiers, Brie,3635718068389513138
Produits laitiers, Brie,4302696435284408100
Produits laitiers, Brie,6678311735619324805
Produits laitiers, Brie,7725530717306741886
Produits laitiers, Camembert,2135961085999286967
Produits laitiers, Camembert,3254134375260198591
Produits laitiers, Camembert,5493423738593469287
Produits laitiers, Camembert,7535893440280555635
Produits laitiers, Camembert,8189901887525987931
Produits laitiers, Crème fraîche,159277814983066169
Produits laitiers, Crème fraîche,1759713791637471490
Produits laitiers, Crème fraîche,2965331472611236763
Produits laitiers, Crème fraîche,4341146234108999814
Produits laitiers, Crème fraîche,6037350215740215823
Produits laitiers, Emmental,1184610779867899566
Produits laitiers, Emmental,1333055516576791296
Produits laitiers, Emmental,4507102813487144746
Produits laitiers, Emmental,6651527628014272679
Produits laitiers, Emmental,6829874458516426656
Produits laitiers, Feta,2533043542519353788
Produits laitiers, Feta,3333803364739963842
Produits laitiers, Feta,3927299484709470539
Produits laitiers, Feta,6773661901189467952
Produits laitiers, Feta,9090656874553049385
Produits laitiers, Fromage blanc,217423666098941659
Produits laitiers, Fromage blanc,4368650242750974891
Produits laitiers, Fromage blanc,5550941081614096542
Produits laitiers, Fromage blanc,7289009304744162891
Produits laitiers, Fromage blanc,8940393913642602172
Produits laitiers, Fromage râpé,332024046698740321
Produits laitiers, Fromage râpé,2169370688205347491
Produits laitiers, Fromage râpé,4346922265277359125
Produits laitiers, Fromage râpé,5544406778252764196
Produits laitiers, Fromage râpé,7125578924179748052
Produits laitiers, Gouda,418899517716686113
Produits laitiers, Gouda,4238478918242646688
Produits laitiers, Gouda,5659752073700383774
Produits laitiers, Gouda,8070332071403650408
Produits laitiers, Gouda,8185673385455983635
Produits laitiers, Kéfir,2105391055123603704
Produits laitiers, Kéfir,5237580893053400283
Produits laitiers, Kéfir,6209788340957209195
Produits laitiers, Kéfir,6313080003896371723
Produits laitiers, Kéfir,8230602784260587593
Produits laitiers, Lait d'amande,743541903371574409
Produits laitiers, Lait d'amande,845366671694987287
Produits laitiers, Lait d'amande,1716398925916494523
Produits laitiers, Lait d'amande,3984860444768076934
Produits laitiers, Lait d'amande,7440205150812607780
Produits laitiers, Lait d'avoine,1792149684758199152
Produits laitiers, Lait d'avoine,3101596335105994024
Produits laitiers, Lait d'avoine,5467235573115971158
Produits laitiers, Lait d'avoine,6065272841951360523
Produits laitiers, Lait d'avoine,6340001835707362990
Produits laitiers, Lait de soja,737221679932034767
Produits laitiers, Lait de soja,2738247057355566900
Produits laitiers, Lait de soja,4968942180249884603
Produits laitiers, Lait de soja,5759521420565014144
Produits laitiers, Lait de soja,6014215342444033824
Produits laitiers, Lait écrémé,1612371207416575410
Produits laitiers, Lait écrémé,3633514291828862904
Produits laitiers, Lait écrémé,5394404400396553874
Produits laitiers, Lait écrémé,8227690246134962202
Produits laitiers, Lait écrémé,8706074562755930546
Produits laitiers, Mozzarella,1620782568712365753
Produits laitiers, Mozzarella,1667780646576030915
Produits laitiers, Mozzarella,2484258754876809254
Produits laitiers, Mozzarella,3793367268327202402
Produits laitiers, Mozzarella,8796094379326840817
Produits laitiers, Parmesan,569330797647280148
Produits laitiers, Parmesan,1293164616754523552
Produits laitiers, Parmesan,2889217996928561738
Produits laitiers, Parmesan,3296346870826306119
Produits laitiers, Parmesan,8528324040502911526
Produits laitiers, Yaourt aromatisé,2538133243540454662
Produits laitiers, Yaourt aromatisé,3547341738938480272
Produits laitiers, Yaourt aromatisé,6227984434433828660
Produits laitiers, Yaourt aromatisé,7177586963643036796
Produits laitiers, Yaourt aromatisé,7682969513469231713
Produits laitiers, Yaourt nature,1426316611528489501
Produits laitiers, Yaourt nature,3359665448580199779
Produits laitiers, Yaourt nature,6098457506345601071
Produits laitiers, Yaourt nature,6488516052912407482
Produits laitiers, Yaourt nature,6649961732286058231
Produits laitiers,Lait entier,3157740348282844749
Produits laitiers,Lait entier,4250684732019753753
Produits laitiers,Lait entier,6291685508979201097
Produits laitiers,Lait entier,7703929003704571129
Produits laitiers,Lait entier,8895004197121181570
Produits ménagers, Adoucissant,619689352184936440
Produits ménagers, Adoucissant,3811559859980579289
Produits ménagers, Adoucissant,4364728640748373473
Produits ménagers, Adoucissant,4408166890261891995
Produits ménagers, Adoucissant,8755159088076341234
Produits ménagers, Détergent WC,2172449985527327131
Produits ménagers, Détergent WC,2972717621573834462
Produits ménagers, Détergent WC,4234801074581123239
Produits ménagers, Détergent WC,7952864546526449552
Produits ménagers, Détergent WC,8677939591750276087
Produits ménagers, Gants ménagers,1688193291343662892
Produits ménagers, Gants ménagers,6204128290009527663
Produits ménagers, Gants ménagers,6231479608862717297
Produits ménagers, Gants ménagers,6403919467940927636
Produits ménagers, Gants ménagers,7299331256221918306
Produits ménagers, Lessive,1591840063265775605
Produits ménagers, Lessive,1997382937200622183
Produits ménagers, Lessive,3198510880457502935
Produits ménagers, Lessive,3284603222420667065
Produits ménagers, Lessive,4138753555262296953
Produits ménagers, Nettoyant multi-surfaces,1954213088170096859
Produits ménagers, Nettoyant multi-surfaces,2396561696818169502
Produits ménagers, Nettoyant multi-surfaces,5279037287357335210
Produits ménagers, Nettoyant multi-surfaces,5641106737220788130
Produits ménagers, Nettoyant multi-surfaces,8855101173625283471
Produits ménagers, Papier essuie-tout,114648556130279542
Produits ménagers, Papier essuie-tout,452326213245538496
Produits ménagers, Papier essuie-tout,1949085669203666032
Produits ménagers, Papier essuie-tout,3953975275929403282
Produits ménagers, Papier essuie-tout,4869039995309782438
Produits ménagers, Papier toilette,1829129293747020977
Produits ménagers, Papier toilette,1948632623483304911
Produits ménagers, Papier toilette,2579874110349399879
Produits ménagers, Papier toilette,4444098480208031534
Produits ménagers, Papier toilette,4864886579065299106
Produits ménagers, Sac-poubelle,152256497910085520
Produits ménagers, Sac-poubelle,272488488609706547
Produits ménagers, Sac-poubelle,5530764618454451249
Produits ménagers, Sac-poubelle,6541973275534514325
Produits ménagers, Sac-poubelle,8476046241654485897
Produits ménagers, Éponge,659307245072952581
Produits ménagers, Éponge,2370837630952719301
Produits ménagers, Éponge,7241702292965796847
Produits ménagers, Éponge,8341286027179456215
Produits ménagers, Éponge,8589087349265958513
Produits ménagers,Liquide vaisselle,2310761707172243989
Produits ménagers,Liquide vaisselle,2596208401234056943
Produits ménagers,Liquide vaisselle,3371200545880916558
Produits ménagers,Liquide vaisselle,6574623387707900171
Produits ménagers,Liquide vaisselle,6940308697523587781
Produits secs, Cannelle,1841776540290422474
Produits secs, Cannelle,1942636862510093613
Produits secs, Cannelle,2657624654725200936
Produits secs, Cannelle,3763391499109316715
Produits secs, Cannelle,4299726145617640312
Produits secs, Chapelure,5197182894815720538
Produits secs, Chapelure,5553011821383232325
Produits secs, Chapelure,6623687123654816199
Produits secs, Chapelure,7204670574645329290
Produits secs, Chapelure,7467734813386097304
Produits secs, Couscous,586124176419707216
Produits secs, Couscous,2229794621587467445
Produits secs, Couscous,5385799956246688041
Produits secs, Couscous,6151836730544480003
Produits secs, Couscous,8172129549397174636
Produits secs, Curry,3914766939534164651
Produits secs, Curry,5070342005926146490
Produits secs, Curry,5296060342497139188
Produits secs, Curry,5799940504139326622
Produits secs, Curry,7795641916679946057
Produits secs, Farine blanche,2527233366778993540
Produits secs, Farine blanche,3172378399574635141
Produits secs, Farine blanche,3967112359012810755
Produits secs, Farine blanche,5671075064745458400
Produits secs, Farine blanche,6180950094832764378
Produits secs, Farine complète,1767688226333297686
Produits secs, Farine complète,2559367963954784346
Produits secs, Farine complète,2867869931212305027
Produits secs, Farine complète,4557979272953532809
Produits secs, Farine complète,8935600916580256732
Produits secs, Flocons d'avoine,451262238056780914
Produits secs, Flocons d'avoine,3237259493712216084
Produits secs, Flocons d'avoine,3700983592835245836
Produits secs, Flocons d'avoine,4648780875369434019
Produits secs, Flocons d'avoine,8246001106905378552
Produits secs, Haricots secs,663106683146701225
Produits secs, Haricots secs,1822968588505703839
Produits secs, Haricots secs,4303279526663567901
Produits secs, Haricots secs,4849731365288400771
Produits secs, Haricots secs,5300209836001394181
Produits secs, Herbes de Provence,1347137700569822668
Produits secs, Herbes de Provence,1953226331274980471
Produits secs, Herbes de Provence,2306553289601929506
Produits secs, Herbes de Provence,5902328842274032014
Produits secs, Herbes de Provence,6711603857331058626
Produits secs, Lentilles corail,491253747570317556
Produits secs, Lentilles corail,3336615592495388323
Produits secs, Lentilles corail,5690677360462506899
Produits secs, Lentilles corail,7024714370533094846
Produits secs, Lentilles corail,8893523780144545749
Produits secs, Lentilles vertes,1078255274324176554
Produits secs, Lentilles vertes,5030299087521837376
Produits secs, Lentilles vertes,7284629250083001459
Produits secs, Lentilles vertes,7346025277420618538
Produits secs, Lentilles vertes,8860870318141947788
Produits secs, Levure chimique,1304416590524664249
Produits secs, Levure chimique,3328998008834742737
Produits secs, Levure chimique,8658956658840046464
Produits secs, Levure chimique,8807824905992613193
Produits secs, Levure chimique,9082489995334099554
Produits secs, Maïzena,48947371040107215
Produits secs, Maïzena,484099999959080527
Produits secs, Maïzena,1393158124148148884
Produits secs, Maïzena,5489428464899735639
Produits secs, Maïzena,8989331311635645998
Produits secs, Miel,2199577581631365154
Produits secs, Miel,3616287174366935719
Produits secs, Miel,5697134225339684277
Produits secs, Miel,5964890616135628050
Produits secs, Miel,6647728645089497829
Produits secs, Paprika,402761321708826394
Produits secs, Paprika,1769867342797037309
Produits secs, Paprika,4328526431705503565
Produits secs, Paprika,5696434322274017979
Produits secs, Paprika,7239739912029297544
Produits secs, Piment,1222137973878448710
Produits secs, Piment,2118432986817910000
Produits secs, Piment,4978275994075314196
Produits secs, Piment,5326387104977348081
Produits secs, Piment,8372369131240319151
Produits secs, Pois chiches,1300281287080467838
Produits secs, Pois chiches,2126107054945578067
Produits secs, Pois chiches,4659581303588710561
Produits secs, Pois chiches,7373272718610127558
Produits secs, Pois chiches,8508880849215698239
Produits secs, Poivre noir,1766011857795481543
Produits secs, Poivre noir,1868787769717958094
Produits secs, Poivre noir,3121503016374474203
Produits secs, Poivre noir,4476958108925783268
Produits secs, Poivre noir,5672407343057994305
Produits secs, Pâtes courtes,241205380943671780
Produits secs, Pâtes courtes,1409303425523213364
Produits secs, Pâtes courtes,3184116149348023300
Produits secs, Pâtes courtes,5416857842168737638
Produits secs, Pâtes courtes,8099127438832883512
Produits secs, Pâtes longues,1668187749021746515
Produits secs, Pâtes longues,1901963826172132854
Produits secs, Pâtes longues,5945973498668420429
Produits secs, Pâtes longues,6532397071628686514
Produits secs, Pâtes longues,8992816871681975805
Produits secs, Quinoa,2054441379786177173
Produits secs, Quinoa,5565078877664200506
Produits secs, Quinoa,7145453644213000237
Produits secs, Quinoa,7201063534834937879
Produits secs, Quinoa,8481953618700070793
Produits secs, Riz complet,37696447851505909
Produits secs, Riz complet,89584285323501959
Produits secs, Riz complet,1068481228462875690
Produits secs, Riz complet,6354843758386080274
Produits secs, Riz complet,8340966928341843355
Produits secs, Sel de mer,697501609553435722
Produits secs, Sel de mer,1114204060010332710
Produits secs, Sel de mer,3387808182406834026
Produits secs, Sel de mer,6209167074351206055
Produits secs, Sel de mer,7804877549229353038
Produits secs, Sel fin,290788042751133693
Produits secs, Sel fin,806992626315952419
Produits secs, Sel fin,4228156378946348438
Produits secs, Sel fin,4592430406556994977
Produits secs, Sel fin,5803102203197618889
Produits secs, Semoule,1943053954819949563
Produits secs, Semoule,2101713956297173784
Produits secs, Semoule,2434553360403296252
Produits secs, Semoule,5849639056860964039
Produits secs, Semoule,6086841860924070364
Produits secs, Sucre en poudre,518571896630996177
Produits secs, Sucre en poudre,928264649277100024
Produits secs, Sucre en poudre,2208048524629633640
Produits secs, Sucre en poudre,8217487399857665154
Produits secs, Sucre en poudre,8754439972510771653
Produits secs, Sucre roux,1940096369877714626
Produits secs, Sucre roux,2284826334613019762
Produits secs, Sucre roux,2568888965663842744
Produits secs, Sucre roux,6459887158599169372
Produits secs, Sucre roux,8342874461520536639
Produits secs, Épices variées,1908982343108932454
Produits secs, Épices variées,2524061403399161348
Produits secs, Épices variées,5150701873899903243
Produits secs, Épices variées,7022193301278596427
Produits secs, Épices variées,8214199203030432015
Produits secs,Riz blanc,1269035450163356477
Produits secs,Riz blanc,1772129769846696210
Produits secs,Riz blanc,2095978649746220578
Produits secs,Riz blanc,8089676404317992780
Produits secs,Riz blanc,8817114211561329919
Snacks, Amandes,814107720569460012
Snacks, Amandes,1360837824802811496
Snacks, Amandes,2484335402928753581
Snacks, Amandes,3335364072171565219
Snacks, Amandes,8664177365120876475
Snacks, Barres chocolatées,794379491876711700
Snacks, Barres chocolatées,892711981681889981
Snacks, Barres chocolatées,1682827483523214659
Snacks, Barres chocolatées,6544557720965310571
Snacks, Barres chocolatées,6980025727939744194
Snacks, Biscuits salés,3664650128364632489
Snacks, Biscuits salés,3685754036549086644
Snacks, Biscuits salés,6066219401503507002
Snacks, Biscuits salés,7315961941200571406
Snacks, Biscuits salés,8288334357230496082
Snacks, Bonbons,3559027680598635278
Snacks, Bonbons,4329652130644396601
Snacks, Bonbons,5504158090793435058
Snacks, Bonbons,6852066426887824123
Snacks, Bonbons,7835630457089687628
Snacks, Bretzels,976641686232466418
Snacks, Bretzels,1022078023731423093
Snacks, Bretzels,5052966551101639919
Snacks, Bretzels,7548607467014754379
Snacks, Bretzels,9198469359372973298
Snacks, Chips saveur barbecue,105435956636766632
Snacks, Chips saveur barbecue,943869040058064252
Snacks, Chips saveur barbecue,4340998585575197111
Snacks, Chips saveur barbecue,5332620648847981004
Snacks, Chips saveur barbecue,7299191838284400089
Snacks, Crackers,526642717285952953
Snacks, Crackers,3683249049561845215
Snacks, Crackers,4499076314588082513
Snacks, Crackers,6530618250750643835
Snacks, Crackers,7620834276195549917
Snacks, Fruits secs,829041104729948471
Snacks, Fruits secs,1700446324066851406
Snacks, Fruits secs,2327197567605875547
Snacks, Fruits secs,3251214938593291062
Snacks, Fruits secs,4040309395916960517
Snacks, Mélange de noix,1398916057693154435
Snacks, Mélange de noix,3613034820097847946
Snacks, Mélange de noix,4022156798136500082
Snacks, Mélange de noix,5110087086292993141
Snacks, Mélange de noix,7452943739383881517
Snacks, Noisettes,1184961100045499822
Snacks, Noisettes,1451624937528175555
Snacks, Noisettes,2104543592812822744
Snacks, Noisettes,2962943374262432228
Snacks, Noisettes,6671330369609275568
Snacks, Noix de cajou,101096562262857920
Snacks, Noix de cajou,765430321973556213
Snacks, Noix de cajou,4703774559543980286
Snacks, Noix de cajou,5091470239359120051
Snacks, Noix de cajou,6668319472714159842
Snacks, Pistaches,1542996563337837902
Snacks, Pistaches,2753732426806426140
Snacks, Pistaches,6945271171572395023
Snacks, Pistaches,7317533108898283014
Snacks, Pistaches,7882404036501138945
Snacks, Popcorn,1813273737625793626
Snacks, Popcorn,2090185060272207135
Snacks, Popcorn,4017473074104395260
Snacks, Popcorn,4272113431201776838
Snacks, Popcorn,7039217783387414419
Snacks,Chips nature,625144249265079453
Snacks,Chips nature,1516208587644171459
Snacks,Chips nature,6603983299513072341
Snacks,Chips nature,7580863135081281319
Snacks,Chips nature,7789413514417863893
Surgelés, Filets de poisson panés,388546570104608575
Surgelés, Filets de poisson panés,3197312497598116522
Surgelés, Filets de poisson panés,3753711820149372950
Surgelés, Filets de poisson panés,4547391656129127557
Surgelés, Filets de poisson panés,5790595543053983492
Surgelés, Frites surgelées,224436456754801013
Surgelés, Frites surgelées,887216003010222941
Surgelés, Frites surgelées,1152404745231207488
Surgelés, Frites surgelées,6704292223417936112
Surgelés, Frites surgelées,9122600862719203984
Surgelés, Fruits rouges surgelés,972249364245690539
Surgelés, Fruits rouges surgelés,3036217757964526969
Surgelés, Fruits rouges surgelés,3804833480499024630
Surgelés, Fruits rouges surgelés,5310514402138350508
Surgelés, Fruits rouges surgelés,6306887168451855006
Surgelés, Glace au chocolat,554404296852372088
Surgelés, Glace au chocolat,786951446714097460
Surgelés, Glace au chocolat,5807479514767221110
Surgelés, Glace au chocolat,6373420801511253392
Surgelés, Glace au chocolat,8851438334968695971
Surgelés, Glace à la vanille,621044723860664209
Surgelés, Glace à la vanille,1821362311315217506
Surgelés, Glace à la vanille,2857928811071192765
Surgelés, Glace à la vanille,4812890727783335305
Surgelés, Glace à la vanille,5546022801481648626
Surgelés, Légumes surgelés,1327825279294755156
Surgelés, Légumes surgelés,4130355473619442626
Surgelés, Légumes surgelés,5998260092149374485
Surgelés, Légumes surgelés,8154102334467397606
Surgelés, Légumes surgelés,9181745160284137955
Surgelés, Nuggets de poulet,2898825496617851467
Surgelés, Nuggets de poulet,4478984205016380704
Surgelés, Nuggets de poulet,4985963304770592334
Surgelés, Nuggets de poulet,7306977576380401557
Surgelés, Nuggets de poulet,7950504468055164397
Surgelés, Pâtes fraîches surgelées,840453849118210671
Surgelés, Pâtes fraîches surgelées,3460811060285860658
Surgelés, Pâtes fraîches surgelées,5312903160219484314
Surgelés, Pâtes fraîches surgelées,7876625473999280693
Surgelés, Pâtes fraîches surgelées,8481179774676794366
Surgelés, Sorbet citron,342465850654961247
Surgelés, Sorbet citron,414410430892482177
Surgelés, Sorbet citron,4951500071177664186
Surgelés, Sorbet citron,5525973012427453386
Surgelés, Sorbet citron,8430130653426092907
Surgelés, Sorbet framboise,3466204352679915733
Surgelés, Sorbet framboise,3636373622647981455
Surgelés, Sorbet framboise,6384408296581847111
Surgelés, Sorbet framboise,6438399773724514531
Surgelés, Sorbet framboise,6927012468622499988
Surgelés,Pizza surgelée,606383340849456352
Surgelés,Pizza surgelée,1105458398223176150
Surgelés,Pizza surgelée,3466155173176562117
Surgelés,Pizza surgelée,3982084901594823515
Surgelés,Pizza surgelée,6954556590310188604
Viandes et volailles, Agneau,852441989121437256
Viandes et volailles, Agneau,3611702433271748112
Viandes et volailles, Agneau,4475154496736109334
Viandes et volailles, Agneau,8141846007437502990
Viandes et volailles, Agneau,8630466505705897749
Viandes et volailles, Bacon,224248401025712146
Viandes et volailles, Bacon,4992043186013647241
Viandes et volailles, Bacon,5175142963212048414
Viandes et volailles, Bacon,6320436070634979976
Viandes et volailles, Bacon,7543323211087417762
Viandes et volailles, Bœuf haché,368559947616167043
Viandes et volailles, Bœuf haché,821582318121634464
Viandes et volailles, Bœuf haché,2975852813707428901
Viandes et volailles, Bœuf haché,5808744853079416688
Viandes et volailles, Bœuf haché,6338860595052443810
Viandes et volailles, Charcuterie mixte,616466616916899109
Viandes et volailles, Charcuterie mixte,1619311537369695790
Viandes et volailles, Charcuterie mixte,1820552067246115976
Viandes et volailles, Charcuterie mixte,4045123909748177334
Viandes et volailles, Charcuterie mixte,8063382530198672430
Viandes et volailles, Côte de porc,348910687531111514
Viandes et volailles, Côte de porc,814215188124527897
Viandes et volailles, Côte de porc,4115899928296297642
Viandes et volailles, Côte de porc,4711586887637032408
Viandes et volailles, Côte de porc,7791561938053305595
Viandes et volailles, Dinde,1503766383215573795
Viandes et volailles, Dinde,3769330917468562800
Viandes et volailles, Dinde,5921298365697928251
Viandes et volailles, Dinde,5937755047205570977
Viandes et volailles, Dinde,6795468910140883632
Viandes et volailles, Filet de veau,309861043042609034
Viandes et volailles, Filet de veau,1111056140822891938
Viandes et volailles, Filet de veau,1440591626829253408
Viandes et volailles, Filet de veau,1969572414361026491
Viandes et volailles, Filet de veau,5615897239283243014
Viandes et volailles, Jambon blanc,6211081166314942229
Viandes et volailles, Jambon blanc,7040635932133880434
Viandes et volailles, Jambon blanc,7133079605138884347
Viandes et volailles, Jambon blanc,7605392316432950370
Viandes et volailles, Jambon blanc,8257566758676028497
Viandes et volailles, Jambon cru,2613874651132292709
Viandes et volailles, Jambon cru,3376036071242902496
Viandes et volailles, Jambon cru,4776379068579421025
Viandes et volailles, Jambon cru,5620841259902224955
Viandes et volailles, Jambon cru,6459643307621197549
Viandes et volailles, Mortadelle,1522203014213167621
Viandes et volailles, Mortadelle,2284412522308784856
Viandes et volailles, Mortadelle,2555517088678879399
Viandes et volailles, Mortadelle,4245715492570882555
Viandes et volailles, Mortadelle,8541206281074149144
Viandes et volailles, Poulet rôti,2604815351731019011
Viandes et volailles, Poulet rôti,4453477573208508613
Viandes et volailles, Poulet rôti,5450563829988892551
Viandes et volailles, Poulet rôti,5587615038756752068
Viandes et volailles, Poulet rôti,6178091556839338064
Viandes et volailles, Salami,669226568174211744
Viandes et volailles, Salami,2658583384201096389
Viandes et volailles, Salami,5606290013460937798
Viandes et volailles, Salami,7265899663763303439
Viandes et volailles, Salami,7681314252091470931
Viandes et volailles, Saucisse,1172506187164794445
Viandes et volailles, Saucisse,1725184711520401011
Viandes et volailles, Saucisse,5061184525525197852
Viandes et volailles, Saucisse,7893099623472885951
Viandes et volailles, Saucisse,8897646231913383209
Viandes et volailles, Steak de bœuf,2510027342796099288
Viandes et volailles, Steak de bœuf,3997577596384735292
Viandes et volailles, Steak de bœuf,4116371386376983433
Viandes et volailles, Steak de bœuf,4131964509920499964
Viandes et volailles, Steak de bœuf,5392172228049490869
Viandes et volailles,Poulet,1584582066242216440
Viandes et volailles,Poulet,3223047531818156998
Viandes et volailles,Poulet,4579802012818437087
Viandes et volailles,Poulet,7492657230359622685
Viandes et volailles,Poulet,8140556507075573371
