,prenom,nom,genre,age
816,Céline,Meunier,F,58
815,Victoire,Sanchez,F,60
1010,Stéphanie,Boyer,F,37
855,Michelle,Gallet,F,28
741,Marianne,Blanc,F,47
814,Adélaïde,Weber,F,47
771,Martine,Bruneau,F,30
931,Élise,Chevallier,F,63
582,Alice,Olivier,F,63
1177,Patricia,Leduc,F,66
573,Dorothée,Hardy,F,25
884,Adélaïde,Collin,F,26
241,Roland,Valette,M,73
857,Danielle,Vaillant,F,37
248,Alfred,Andre,M,49
915,Margaux,Aubry,F,64
1040,Henriette,Charles,F,70
27,Xavier,Renault,M,31
538,Hortense,Georges,F,26
807,Valentine,Didier,F,40
434,Léon,Fouquet,M,70
708,Agnès,Blanchard,F,32
846,Céline,Bousquet,F,51
941,Geneviève,Da Silva,F,31
275,René,Chauvin,M,53
327,Lucas,Clerc,M,52
533,Sylvie,Rocher,F,37
1008,Alexandrie,Paris,F,39
1125,Margaux,Alves,F,61
245,Rémy,Pascal,M,71
644,Victoire,Loiseau,F,63
377,Joseph,Lemaître,M,62
613,Caroline,De Oliveira,F,69
437,Honoré,Guillon,M,23
468,Arthur,Louis,M,61
37,Jérôme,Guillou,M,50
1042,Brigitte,Girard,F,32
762,Luce,Thomas,F,60
368,Xavier,Leroux,M,47
939,Michèle,Klein,F,42
469,Jacques,Duval,M,57
581,Thérèse,Lefèvre,F,41
384,Philippe,Poulain,M,69
1164,Geneviève,Aubry,F,23
899,Antoinette,Laporte,F,38
800,Michelle,Leduc,F,35
935,Émilie,David,F,54
303,Alain,Arnaud,M,22
411,Daniel,Bruneau,M,18
1024,Hélène,Blondel,F,38
1122,Claude,Meunier,F,37
659,Jacqueline,Mercier,F,64
697,Laurence,Coulon,F,39
470,Alphonse,Duval,M,60
914,Caroline,Guibert,F,44
1148,Valentine,Thibault,F,22
92,Denis,Michaud,M,64
250,Théodore,Cordier,M,72
716,Hortense,Hebert,F,61
134,Olivier,Cousin,M,62
502,Nathalie,Berger,F,28
487,Isaac,Bousquet,M,29
169,Timothée,Fleury,M,50
1096,Alix,Lefebvre,F,42
1119,Clémence,Marchal,F,34
450,Roger,Texier,M,26
309,Victor,Roche,M,27
320,Arthur,Fontaine,M,58
293,Benoît,Noël,M,56
127,Lucas,Germain,M,61
871,Françoise,Hamon,F,70
641,Lucy,Lopes,F,32
544,Clémence,Dos Santos,F,73
618,Océane,Lelièvre,F,41
568,Margot,Verdier,F,29
540,Édith,Jacob,F,22
1061,Arnaude,Martineau,F,66
806,Andrée,Reynaud,F,65
428,Maurice,Lecoq,M,68
455,Yves,Pottier,M,56
421,Marcel,Chrétien,M,57
886,Océane,Hamel,F,18
479,Jules,Morin,M,47
650,Marthe,Camus,F,32
640,Lorraine,Ledoux,F,66
973,Marcelle,Martins,F,60
409,Marcel,Payet,M,30
657,Christiane,Ferreira,F,34
505,Audrey,Jacquot,F,63
936,Jacqueline,Bonnin,F,24
328,Thibaut,Lesage,M,66
980,Émilie,Grenier,F,42
531,Nath,Hervé,F,35
201,Sébastien,Barthelemy,M,57
534,Élisabeth,Arnaud,F,22
14,Guy,Weber,M,45
503,Laurence,Delmas,F,24
418,Martin,Guillon,M,67
1006,Danielle,Leblanc,F,53
1082,Cécile,Tessier,F,53
1124,Suzanne,Turpin,F,32
119,Jacques,Colas,M,65
1187,Alix,Costa,F,35
240,Alfred,Maréchal,M,62
1142,Marianne,Chevallier,F,54
860,Adrienne,Chrétien,F,33
965,Renée,Guilbert,F,49
556,Claude,Guibert,F,31
138,Jules,Didier,M,63
210,Marc,Henry,M,23
463,Guy,Lecomte,M,21
259,Alphonse,Auger,M,25
101,Thibault,Lesage,M,32
49,Timothée,Bodin,M,51
612,Camille,Vallée,F,45
70,André,Cohen,M,26
647,Antoinette,Pinto,F,64
1123,Simone,Lacombe,F,70
751,Claire,Fournier,F,30
551,Bernadette,Muller,F,61
1012,Laurence,Dos Santos,F,72
465,Charles,Hardy,M,28
543,Andrée,Delattre,F,67
1141,Catherine,Allain,F,66
966,Julie,Pasquier,F,25
66,Guillaume,Mary,M,61
1210,Gabrielle,Guyot,F,54
794,Astrid,Devaux,F,48
836,Adèle,Fernandez,F,40
242,Charles,Bruneau,M,38
709,Constance,Leroy,F,73
351,Maurice,Diaz,M,22
297,Tristan,Ferreira,M,59
643,Julie,Grenier,F,56
451,Auguste,Morel,M,42
386,William,Renaud,M,19
324,Marc,Lucas,M,24
262,Alphonse,Deschamps,M,69
57,Rémy,Blin,M,45
308,Paul,Joly,M,65
1055,Hortense,Girard,F,36
108,Thierry,Alexandre,M,72
1045,Constance,Lombard,F,57
903,Madeleine,Potier,F,26
441,Patrick,Roche,M,43
23,Guy,Samson,M,36
1093,Lucy,Delmas,F,41
446,Patrick,Salmon,M,55
982,Lorraine,Leclerc,F,49
989,Margot,Descamps,F,59
550,Michelle,Becker,F,26
203,François,Leconte,M,53
495,Étienne,Boutin,M,43
507,Marthe,Fischer,F,71
818,Paulette,Godard,F,21
636,Valentine,Didier,F,31
290,Marc,Albert,M,29
907,Sabine,Maillot,F,54
766,Virginie,Dijoux,F,62
1052,Martine,Humbert,F,30
492,Édouard,Georges,M,39
406,Thibault,Jourdan,M,49
930,Sophie,Laurent,F,41
178,Roland,Charpentier,M,67
1126,Céline,Arnaud,F,69
1178,Sabine,Laroche,F,42
445,Julien,Dupré,M,40
514,Suzanne,Giraud,F,66
648,Nath,Chevalier,F,65
908,Anouk,Leroux,F,61
355,William,Nicolas,M,57
693,Marguerite,Maréchal,F,53
105,Robert,Gomes,M,38
933,Dorothée,Gauthier,F,63
1101,Valentine,Lopes,F,60
362,Paul,Guilbert,M,70
824,Alix,Guillou,F,34
895,Astrid,Briand,F,25
352,Bertrand,Costa,M,72
137,Lucas,Lebrun,M,63
1011,Madeleine,Fournier,F,39
432,Lucas,Le Goff,M,29
372,Noël,Traore,M,55
378,Vincent,Schmitt,M,43
225,Roger,Marchal,M,57
429,Noël,Boyer,M,51
1070,Anouk,Vasseur,F,25
338,Jérôme,Navarro,M,32
1106,Dominique,Leblanc,F,21
597,Nath,Benard,F,42
447,Pierre,Lemaître,M,27
264,Jules,Faure,M,30
1155,Henriette,Pires,F,38
710,Valentine,Schmitt,F,19
1206,Dominique,Léger,F,43
658,Nathalie,Michel,F,20
988,Sabine,Gomez,F,34
662,Lorraine,Brun,F,61
398,Victor,Lévêque,M,67
193,Léon,Adam,M,42
674,Valentine,Leroy,F,32
558,Virginie,Delahaye,F,27
608,Céline,Carpentier,F,48
1003,Marcelle,Étienne,F,50
527,Claudine,Paul,F,49
237,Noël,Grenier,M,58
260,Gérard,Blondel,M,55
1213,Marguerite,Renard,F,72
1086,Renée,Gilles,F,65
214,Franck,Roux,M,34
921,Monique,Brun,F,65
376,Vincent,Boucher,M,44
971,Marguerite,Lemoine,F,23
212,Hugues,Texier,M,46
272,Franck,Courtois,M,62
1097,Agnès,Lefort,F,27
713,Édith,Vallet,F,39
72,Matthieu,Guillou,M,70
400,Grégoire,Legros,M,71
1154,Margot,Boutin,F,40
1181,Danielle,Auger,F,68
449,Arthur,Michel,M,26
1198,Audrey,Auger,F,57
652,Audrey,Renault,F,44
889,Cécile,Ledoux,F,55
702,Philippine,Blin,F,72
688,Julie,Legros,F,48
150,Joseph,Rodriguez,M,45
1048,Christelle,Berthelot,F,60
1027,Dorothée,Renard,F,50
727,Marguerite,Sauvage,F,41
511,Paulette,Bailly,F,51
82,Roland,Foucher,M,64
149,Georges,Martel,M,55
1160,Jacqueline,Marion,F,23
715,Michèle,Schneider,F,65
617,Susan,Thierry,F,70
528,Jeanne,Baron,F,68
311,Vincent,Hoarau,M,44
298,Jérôme,Pottier,M,32
1170,Marie,Alves,F,62
961,Aimée,Clément,F,61
853,Lucy,Roy,F,45
395,Léon,Lévêque,M,64
141,Étienne,Charrier,M,31
300,Alexandre,Guillon,M,18
219,Matthieu,Munoz,M,18
399,Lucas,Carpentier,M,47
457,Benjamin,Moreau,M,48
99,Gabriel,Blanchard,M,39
442,Thomas,Bruneau,M,73
672,Émilie,Da Silva,F,70
951,Françoise,Nicolas,F,45
59,Matthieu,Buisson,M,37
75,Marcel,Martineau,M,60
266,Gérard,Imbert,M,41
609,Victoire,Hoarau,F,39
997,Margot,Lemonnier,F,45
795,Paulette,Valentin,F,29
1005,Capucine,Klein,F,58
1079,Susan,Leroy,F,23
422,Laurent,Legendre,M,47
280,Isaac,Pascal,M,71
337,Alain,Grégoire,M,48
163,Robert,Menard,M,44
536,Caroline,Prévost,F,70
873,Julie,Joseph,F,62
17,Marcel,Hamon,M,33
292,Thibaut,Étienne,M,37
333,Patrick,Legendre,M,36
454,Théodore,Legendre,M,61
1161,Sylvie,Turpin,F,21
928,Marthe,Menard,F,69
803,Paulette,Potier,F,41
1128,Sophie,Regnier,F,40
115,Matthieu,Guichard,M,40
862,Jacqueline,Lebreton,F,55
353,Frédéric,Hoarau,M,72
758,Clémence,Mathieu,F,44
993,Élise,Vallet,F,47
699,Frédérique,Sauvage,F,65
208,Gilles,Delattre,M,25
19,Xavier,Fischer,M,18
1050,Gabrielle,Guillon,F,66
572,Marguerite,Ferreira,F,24
856,Valentine,Peltier,F,52
1100,Marine,Guillou,F,33
436,Thibaut,Gosselin,M,36
1094,Inès,Pereira,F,69
159,Zacharie,Maillet,M,69
232,Laurent,Mallet,M,19
281,Tristan,Mercier,M,46
198,Emmanuel,Rodriguez,M,27
784,Alex,Ferrand,F,49
999,Renée,Gomes,F,34
778,Anouk,Besnard,F,27
523,Élisabeth,Bonneau,F,34
979,Anastasie,Bourgeois,F,40
162,Gabriel,Joly,M,38
67,Stéphane,Arnaud,M,27
745,Célina,Guillot,F,47
565,Maryse,Navarro,F,59
811,Agathe,Chartier,F,58
787,Émilie,Morvan,F,44
893,Cécile,Le Roux,F,45
799,Camille,Bourdon,F,42
117,Bertrand,Guillon,M,73
1183,Céline,Moreau,F,29
1117,Frédérique,Weber,F,63
732,Alex,Marques,F,62
627,Anastasie,Thierry,F,22
733,Adrienne,Rolland,F,49
7,Gilbert,Gay,M,68
904,Susanne,Hoarau,F,36
121,Victor,Ferreira,M,40
476,Denis,Peltier,M,24
361,Gilbert,Morin,M,49
1035,Camille,Clément,F,29
202,Thierry,Meunier,M,46
995,Dorothée,Le Gall,F,37
246,Gabriel,Jacques,M,39
866,Céline,Leblanc,F,27
913,Éléonore,Lacroix,F,72
1129,Dorothée,Rémy,F,60
1131,Arnaude,Maillard,F,59
458,Adrien,Boulanger,M,52
192,Joseph,Rousset,M,59
894,Élise,Guyon,F,27
826,Madeleine,Pichon,F,21
174,Martin,Bertin,M,36
1157,Noémi,Ollivier,F,31
833,Margaud,Perez,F,62
1191,Joséphine,Colas,F,66
142,Auguste,Ruiz,M,64
316,Alexandre,Gaudin,M,65
356,Guy,Maillot,M,56
700,Alex,Lacroix,F,55
103,Thibaut,Hamel,M,55
31,Théodore,Bonnet,M,25
486,Alphonse,Marie,M,68
1132,Édith,Fernandez,F,53
374,Gilbert,Chrétien,M,39
881,Adrienne,Masson,F,29
823,Alix,Gaudin,F,49
488,Louis,Dufour,M,57
704,Lucy,Bousquet,F,56
497,Bernard,Arnaud,M,57
994,Adrienne,Lelièvre,F,19
62,Frédéric,Collet,M,37
1044,Margot,Mary,F,57
40,François,Jacob,M,47
1110,Audrey,Thierry,F,29
221,Zacharie,Bigot,M,62
675,Louise,Pascal,F,33
477,René,Delaunay,M,71
747,Inès,Menard,F,28
32,René,Collet,M,73
11,Benoît,Foucher,M,41
917,Aurore,Merle,F,73
200,Bernard,Schneider,M,31
722,Manon,Didier,F,19
525,Camille,Lenoir,F,35
396,Auguste,Collet,M,58
161,Zacharie,Huet,M,24
419,Frédéric,Joubert,M,50
703,Alexandrie,Jean,F,69
1038,Margot,Pasquier,F,67
314,Martin,Launay,M,35
723,Pauline,Pasquier,F,47
1175,Louise,Marie,F,31
872,Sylvie,Allain,F,70
1103,Nathalie,Delannoy,F,63
48,Daniel,Delahaye,M,33
909,Danielle,Lesage,F,26
430,Luc,Renard,M,54
4,Hugues,Prévost,M,55
1069,Alix,Petitjean,F,43
156,Auguste,Baudry,M,40
53,Frédéric,Bousquet,M,64
1150,Élisabeth,Thomas,F,42
1053,Zoé,Letellier,F,26
756,Anaïs,Buisson,F,64
236,Emmanuel,Fernandes,M,72
397,Alphonse,Mary,M,19
1189,Andrée,Maillot,F,43
473,Marc,Poulain,M,55
813,Claude,Bodin,F,51
757,Colette,Simon,F,34
339,Patrick,Guyot,M,46
796,Diane,Faure,F,19
331,Paul,Martinez,M,37
335,Alain,Albert,M,66
404,Yves,Gilles,M,62
1167,Nath,Raymond,F,41
332,Gabriel,Gérard,M,22
373,Antoine,Techer,M,24
349,Denis,Pelletier,M,46
578,Chantal,Thierry,F,30
431,Paul,Monnier,M,72
18,Roland,Maillot,M,68
267,Grégoire,Guyot,M,26
1028,Isabelle,Jacques,F,73
783,Anaïs,Ferrand,F,71
593,Aurore,Chauvet,F,22
851,Andrée,Valette,F,65
1074,Alex,Regnier,F,40
1017,Gabrielle,Guilbert,F,52
1092,Henriette,Pineau,F,35
489,Adrien,Albert,M,65
22,Théophile,Allain,M,65
478,Alain,Barbe,M,25
1068,Inès,Dupont,F,23
515,Maggie,Bazin,F,44
1098,Odette,Blanc,F,28
719,Océane,Colin,F,46
698,Alexandria,Laroche,F,51
277,Alphonse,Poirier,M,60
239,Léon,Mary,M,32
100,Adrien,Girard,M,31
668,Pauline,Lebrun,F,32
107,Robert,Ramos,M,47
630,Michelle,Maurice,F,59
301,Alain,Bouvier,M,41
111,André,Petit,M,48
822,Martine,Blanc,F,45
76,Patrick,Petitjean,M,56
213,Richard,Rivière,M,47
346,Julien,Delmas,M,72
789,Diane,Bruneau,F,28
123,Louis,Lebon,M,26
890,Zoé,Hernandez,F,43
870,Lucy,Vidal,F,65
934,Anastasie,Girard,F,42
8,Georges,Menard,M,45
637,Henriette,Carlier,F,22
892,Anne,Peltier,F,45
1015,Adèle,François,F,57
631,Claudine,Marques,F,61
136,Henri,Da Silva,M,47
972,Dorothée,Lemonnier,F,21
684,Jeannine,Michel,F,44
205,Christophe,Hoarau,M,49
998,Aimée,Fleury,F,37
967,Laurence,Simon,F,62
195,Benjamin,Lebreton,M,24
867,Henriette,François,F,30
513,Paulette,Buisson,F,69
1108,Alice,Teixeira,F,54
1186,Juliette,Blanc,F,47
691,Adèle,Gay,F,56
340,Jacques,Leclerc,M,71
667,Christiane,Hoarau,F,53
827,Anne,Regnier,F,64
227,Étienne,Fernandes,M,67
868,Christiane,Lecoq,F,51
1204,Mathilde,Loiseau,F,42
268,Vincent,Sauvage,M,31
557,Chantal,Ollivier,F,25
54,Maurice,Fontaine,M,33
561,Caroline,Costa,F,28
526,Christine,Bouvier,F,29
839,Aurore,Hamon,F,47
1018,Marie,Dias,F,65
656,Juliette,Germain,F,32
350,Augustin,Riou,M,49
987,Laurence,Fischer,F,33
810,Alice,Léger,F,42
592,Gabrielle,Hamel,F,70
269,Alphonse,Pierre,M,19
89,William,Lefèvre,M,35
683,Colette,Guillon,F,20
1077,Danielle,François,F,46
754,Danielle,Bailly,F,21
628,Colette,Lebon,F,26
952,Adèle,Bègue,F,36
147,Vincent,Weber,M,55
51,Thierry,Picard,M,56
828,Audrey,Boulanger,F,25
562,Océane,Pons,F,68
947,Emmanuelle,Julien,F,72
322,Richard,Bruneau,M,33
537,Claude,Cordier,F,66
712,Diane,Pelletier,F,33
46,Étienne,Seguin,M,20
484,Timothée,Fernandes,M,23
218,Thierry,Vallée,M,51
342,Émile,Georges,M,38
726,Élodie,Texier,F,53
128,Bertrand,Bouvet,M,37
570,Jeanne,Couturier,F,59
958,Adèle,Michaud,F,40
1133,Arnaude,Martinez,F,65
731,Luce,Gauthier,F,46
1062,Claude,Barbier,F,63
542,Laure,Bouvet,F,69
576,Manon,Lopes,F,65
1059,Margaux,Rousset,F,28
106,Léon,Sauvage,M,51
603,Adèle,Traore,F,39
1163,Éléonore,Marchal,F,41
1146,Maggie,Carlier,F,24
900,Josette,Huet,F,71
80,Eugène,Gaillard,M,44
546,Manon,Millet,F,50
819,Marcelle,Barthelemy,F,63
220,Théodore,Perrot,M,49
655,Luce,Huet,F,52
366,Guillaume,Millet,M,35
354,Édouard,Lenoir,M,36
950,Monique,Martineau,F,63
500,Patricia,Alves,F,66
504,Gabrielle,Lemoine,F,44
876,Anastasie,Joly,F,62
808,Virginie,Delattre,F,54
185,Thomas,Dos Santos,M,27
120,Thomas,Léger,M,27
145,Paul,Gaudin,M,73
1032,Inès,Caron,F,23
1104,Stéphanie,Berger,F,47
288,Paul,Imbert,M,47
842,Emmanuelle,De Sousa,F,36
452,Denis,Julien,M,67
1016,Agathe,Delaunay,F,22
891,Isabelle,Gérard,F,53
737,Margot,Coste,F,37
189,Léon,Verdier,M,36
1026,Céline,Bousquet,F,26
493,Nicolas,Lopes,M,55
901,Thérèse,Lecomte,F,56
838,Alice,Marion,F,48
1102,Virginie,Lecomte,F,72
564,Manon,Dupont,F,18
474,Christophe,Gimenez,M,50
146,Charles,Le Gall,M,37
204,Christophe,Gillet,M,68
665,Nath,Maury,F,68
86,Sébastien,Léger,M,35
622,Constance,Charpentier,F,59
345,Benoît,Marques,M,57
714,Sophie,Bonnet,F,28
1111,Anastasie,Gallet,F,60
619,Zoé,Dumont,F,65
671,Dorothée,Riou,F,58
113,Victor,Marty,M,72
580,Suzanne,Marty,F,27
938,Camille,Fouquet,F,37
1172,Anaïs,Hernandez,F,63
1019,Michelle,Grégoire,F,42
1001,Véronique,Letellier,F,24
78,Nicolas,Millet,M,26
126,Alexandre,Pages,M,53
1046,Jeanne,Adam,F,56
1140,Zoé,Delorme,F,21
475,Xavier,Grenier,M,34
530,Laurence,Bodin,F,70
44,Roland,Mallet,M,61
284,Bertrand,Benard,M,28
508,Nathalie,Hervé,F,66
777,Élisabeth,Gaillard,F,58
584,Sophie,Huet,F,66
1030,Martine,Bouchet,F,55
953,Danielle,Dupuis,F,71
88,Léon,Le Gall,M,58
56,André,Benard,M,31
215,Victor,Guillaume,M,72
252,Sébastien,Gérard,M,63
1139,Alex,Philippe,F,25
837,Aimée,Maurice,F,47
977,Dominique,Perrin,F,31
850,Margaux,Picard,F,37
29,Timothée,Lesage,M,66
821,Manon,Maury,F,49
970,Adélaïde,Regnier,F,59
809,Bernadette,Pierre,F,37
256,Alphonse,Marty,M,21
1162,Christine,Fontaine,F,23
610,Madeleine,Vaillant,F,25
194,Auguste,Blanc,M,63
20,Thierry,Hernandez,M,26
949,Maggie,Hubert,F,35
642,Nathalie,Humbert,F,22
199,Gabriel,Royer,M,63
1041,Thérèse,Delorme,F,67
721,Bernadette,Robin,F,44
724,Valérie,Alves,F,33
58,Pierre,Blondel,M,51
209,Léon,Hernandez,M,69
695,Alexandria,Lefebvre,F,62
358,Gilbert,Riou,M,51
319,Yves,Noël,M,60
1180,Marianne,Guérin,F,20
785,Sophie,Simon,F,63
1185,Anouk,Morin,F,65
812,Corinne,Bègue,F,62
835,Dominique,Lecomte,F,71
521,Josette,Antoine,F,41
848,Édith,Toussaint,F,42
73,Isaac,Faivre,M,72
286,Luc,Baron,M,36
359,Xavier,Deschamps,M,56
68,Roland,Coulon,M,71
50,Bernard,Imbert,M,46
717,Anne,Ferrand,F,49
755,Élodie,Menard,F,36
1184,Nathalie,Garnier,F,49
182,Hugues,Hamel,M,36
805,Emmanuelle,Michaud,F,20
263,Auguste,Wagner,M,35
433,Julien,Allain,M,52
435,Gérard,Marques,M,58
624,Aurélie,Leroux,F,48
753,Philippine,Samson,F,23
461,Martin,Dijoux,M,24
1138,Alice,Delahaye,F,25
922,Dorothée,Delorme,F,35
153,Adrien,Bruneau,M,23
38,Thierry,Vallet,M,61
1004,Margaud,Gaudin,F,56
902,Cécile,Bonnet,F,62
329,Isaac,Cohen,M,32
940,Susanne,Gaudin,F,69
960,Emmanuelle,Camus,F,63
380,Augustin,Verdier,M,46
1159,Margaret,Chauvet,F,70
859,Dorothée,Noël,F,68
681,Corinne,Nguyen,F,57
148,Augustin,Lenoir,M,72
910,Louise,Goncalves,F,65
165,Henri,Allain,M,71
357,Éric,Teixeira,M,70
1169,Mathilde,Guillaume,F,54
945,Claude,Pascal,F,59
1166,Michelle,Laroche,F,31
1200,Corinne,Marty,F,41
175,Michel,Joubert,M,42
443,Thomas,Legros,M,48
690,Sabine,Lopez,F,64
611,Manon,Meyer,F,42
313,Raymond,Fernandes,M,32
302,Benoît,Maillet,M,56
77,Marcel,Da Silva,M,70
438,Benjamin,Pires,M,58
341,Thierry,Bruneau,M,27
1033,Nath,Hoarau,F,21
798,Juliette,Renaud,F,50
402,Denis,Millet,M,54
825,Anne,Simon,F,52
206,Jules,Maury,M,48
852,Emmanuelle,Roussel,F,20
184,Théophile,Lebon,M,46
1057,Denise,Lebrun,F,44
116,Eugène,Devaux,M,64
654,Geneviève,Langlois,F,51
1051,Philippine,Lemonnier,F,41
1195,Claire,Sanchez,F,50
1075,Adélaïde,Olivier,F,50
840,Éléonore,Jean,F,52
563,Olivie,Guibert,F,67
168,Stéphane,Gaudin,M,69
285,Georges,Lemaire,M,66
84,Arthur,Boulanger,M,63
579,Michelle,Faure,F,34
614,Olivie,Marchal,F,35
1192,Lorraine,Royer,F,51
865,Michelle,Collin,F,33
257,Emmanuel,Guillot,M,27
990,Christelle,Masson,F,33
639,Luce,Menard,F,71
177,Olivier,Didier,M,71
847,Valentine,Giraud,F,39
306,David,Valentin,M,21
788,Aimée,Faure,F,45
897,Élise,Navarro,F,47
649,Emmanuelle,Caron,F,45
518,Adrienne,Jourdan,F,32
460,Eugène,Verdier,M,66
170,Théophile,Marie,M,28
1208,Lucy,Vasseur,F,22
1009,Josette,Marchand,F,41
575,Océane,Mahe,F,53
133,Jean,Maréchal,M,56
832,Margot,Camus,F,56
728,Marthe,Dumont,F,58
1120,Alexandrie,Léger,F,49
69,Aimé,Lamy,M,56
944,Mathilde,Schneider,F,35
485,Arthur,Courtois,M,33
112,Luc,De Sousa,M,48
1158,Célina,Bigot,F,54
360,Hugues,Riou,M,72
623,Michèle,Schmitt,F,34
925,Paulette,Bonnin,F,18
369,William,Dijoux,M,33
91,Rémy,Maillard,M,28
790,Céline,Diaz,F,69
64,Théodore,Lucas,M,32
223,Luc,Daniel,M,73
661,Stéphanie,Renault,F,39
249,Sébastien,Morin,M,70
444,Adrien,Schmitt,M,72
318,Jérôme,Bruneau,M,53
1039,Nathalie,Thierry,F,71
588,Aurélie,Jacquot,F,23
273,Grégoire,Baudry,M,20
164,Gabriel,Michel,M,20
1168,Michèle,Dubois,F,61
1176,Adrienne,Nguyen,F,71
781,Margaud,Lebrun,F,61
466,Philippe,Voisin,M,18
752,Élisabeth,Dubois,F,30
304,David,Imbert,M,23
829,Marie,Dumont,F,40
42,Auguste,Maillet,M,72
585,Sophie,Gilbert,F,19
228,Benoît,Texier,M,53
501,Constance,Meyer,F,33
1156,Aurore,Chevalier,F,18
734,Alice,Guyon,F,18
36,Aimé,Lenoir,M,48
567,Clémence,Marty,F,22
234,Gérard,Langlois,M,37
775,Antoinette,Roux,F,56
179,Luc,Vaillant,M,24
74,Yves,Hamel,M,26
976,Aurélie,Neveu,F,41
591,Anne,Torres,F,54
1088,Camille,Seguin,F,22
660,Éléonore,Chrétien,F,61
887,Claire,Traore,F,51
167,Théodore,Carre,M,48
638,Agnès,Fontaine,F,68
390,Franck,Paris,M,70
548,Christelle,Bernier,F,70
1196,Aurélie,François,F,73
1105,Juliette,Moulin,F,28
255,Christophe,Renaud,M,73
278,Thomas,Dupuis,M,73
635,Simone,Costa,F,65
16,Bertrand,Duhamel,M,50
820,Manon,Morvan,F,71
1113,Laurence,Martin,F,72
45,Raymond,Fouquet,M,59
1090,Michelle,Renaud,F,62
176,Timothée,Noël,M,23
992,Margaret,Gosselin,F,34
1083,Françoise,Regnier,F,24
348,Stéphane,Bertin,M,22
265,André,Regnier,M,70
154,Louis,Leclerc,M,25
885,Olivie,Gauthier,F,18
94,Patrick,Vallet,M,42
270,Victor,Rémy,M,33
926,Luce,Roger,F,19
1091,Valentine,Buisson,F,40
687,Sabine,Peron,F,37
730,Nathalie,Vidal,F,64
948,Maryse,Joubert,F,58
869,Catherine,Cousin,F,19
1047,Laetitia,Pelletier,F,38
172,Bertrand,Schneider,M,33
651,Maggie,Georges,F,59
130,Marc,Pruvost,M,35
365,Luc,Bonnin,M,27
393,Auguste,Verdier,M,31
598,Célina,Weiss,F,29
173,Richard,David,M,20
222,Hugues,Bernier,M,41
499,Gabrielle,Gilles,F,42
24,Zacharie,Picard,M,73
12,Jacques,Martinez,M,54
878,Brigitte,Parent,F,34
381,Sébastien,Boulanger,M,35
305,Arthur,Bègue,M,24
330,Frédéric,Lombard,M,60
764,Michèle,Delmas,F,32
1081,Claudine,Lacombe,F,36
224,Patrick,Leduc,M,62
906,Alexandria,Gay,F,25
1000,Agnès,Mendès,F,48
1025,Alex,Gosselin,F,24
863,Camille,Lambert,F,38
388,Timothée,Auger,M,20
382,Michel,Barre,M,47
122,Michel,Salmon,M,61
494,Martin,Brunet,M,21
594,Claude,Rocher,F,46
412,Patrick,Dijoux,M,29
1134,Susanne,Lefebvre,F,48
1080,Maggie,Hoareau,F,41
95,Marcel,Berthelot,M,64
490,Bertrand,Bègue,M,29
326,Christophe,Sanchez,M,35
817,Marianne,Meyer,F,53
1076,Suzanne,Coste,F,68
295,Laurent,Ribeiro,M,51
1021,Constance,Gosselin,F,52
217,Aimé,Bourdon,M,66
1205,Virginie,Bourgeois,F,39
720,Claire,Laporte,F,39
595,Adrienne,Gilles,F,30
634,Zoé,Carre,F,25
1207,Louise,Maillet,F,67
33,Henri,Noël,M,57
55,Guillaume,Bouchet,M,42
125,Zacharie,Blanchet,M,63
552,Margaret,Techer,F,34
482,Thierry,Henry,M,31
5,Arthur,Roger,M,53
79,Louis,Pottier,M,31
1020,Caroline,Gomez,F,26
964,Josette,Pasquier,F,68
923,Anastasie,Delattre,F,43
98,Paul,Langlois,M,19
880,Julie,Riou,F,46
347,Frédéric,Guichard,M,27
312,René,Gaudin,M,27
315,Christophe,Legros,M,50
760,Laure,Martin,F,18
587,Suzanne,Martins,F,50
981,Arnaude,Sanchez,F,50
60,Antoine,Ramos,M,38
1002,Inès,Vallée,F,41
243,Zacharie,Lévy,M,24
539,Hélène,Mallet,F,36
289,Laurent,Henry,M,20
1182,Jeannine,Diaz,F,36
663,Astrid,Mathieu,F,21
471,Noël,Langlois,M,66
496,Nicolas,Merle,M,47
600,Valentine,Maury,F,42
843,Thérèse,De Sousa,F,47
131,Hugues,Charpentier,M,69
830,Antoinette,Girard,F,69
963,Pénélope,Parent,F,23
1037,Josette,Ferreira,F,59
736,Aurore,Hamel,F,66
87,Isaac,Dupré,M,33
571,Amélie,Samson,F,31
387,Gérard,Dumas,M,60
905,Luce,Jacquet,F,70
520,Sylvie,Richard,F,23
83,Adrien,Rocher,M,65
1197,Adèle,Hardy,F,45
968,Claude,Hamon,F,25
629,Sylvie,Mendès,F,49
231,Stéphane,Dumas,M,65
498,Lucie,Charles,F,58
1036,Marguerite,Blot,F,61
1013,Diane,Vasseur,F,33
197,Vincent,Philippe,M,58
1212,Anouk,Seguin,F,26
604,Isabelle,Collet,F,25
462,Théophile,Caron,M,42
25,Jules,Nicolas,M,34
553,Margaud,Courtois,F,52
171,Julien,Lévêque,M,71
34,Hugues,Bazin,M,45
512,Pénélope,Loiseau,F,64
235,Éric,Carpentier,M,57
711,Laurence,Henry,F,67
271,Thibaut,Antoine,M,47
9,Arthur,Fontaine,M,55
606,Margaret,Weiss,F,66
1007,Aimée,Leroy,F,25
1067,Victoire,Descamps,F,73
26,Robert,Hoareau,M,50
307,Charles,Thierry,M,26
599,Michelle,Bousquet,F,67
685,Lorraine,Chauvet,F,37
746,Adrienne,Petitjean,F,73
509,Élisabeth,Devaux,F,20
577,Sophie,Guibert,F,34
1043,Caroline,Poulain,F,44
519,Valentine,Wagner,F,59
294,Denis,Diallo,M,37
793,Édith,Delahaye,F,52
1029,Christiane,Marie,F,20
943,Margaux,Hubert,F,52
132,Charles,Étienne,M,23
97,Vincent,Petitjean,M,66
440,Denis,Pruvost,M,42
334,Thierry,Lenoir,M,20
181,Pierre,Leclercq,M,30
1049,Alice,Wagner,F,43
589,Antoinette,Mary,F,51
299,David,Arnaud,M,52
686,Adèle,Letellier,F,51
1194,Michèle,David,F,46
363,Denis,Colas,M,71
786,Luce,Jourdan,F,35
472,Auguste,Gillet,M,36
761,Éléonore,Tanguy,F,60
743,Aimée,Pons,F,26
211,Eugène,Lebreton,M,49
63,Richard,Blondel,M,31
425,Philippe,Bruneau,M,68
158,Grégoire,Rey,M,29
439,Raymond,Brun,M,33
93,Isaac,Rossi,M,19
310,Benoît,Barbe,M,69
1084,Marianne,Pons,F,64
166,Martin,Bouvier,M,64
946,Victoire,Weiss,F,37
160,Gabriel,Delahaye,M,59
854,Camille,Roger,F,31
1136,Andrée,Aubert,F,49
183,Bertrand,De Sousa,M,33
774,Frédérique,Germain,F,53
590,Brigitte,Bousquet,F,39
483,Paul,Aubry,M,61
701,Christine,Rémy,F,49
883,Corinne,Prévost,F,57
919,Brigitte,Lemonnier,F,35
480,Marcel,Marques,M,38
1147,Océane,Lemaître,F,68
230,Pierre,Caron,M,68
804,Margaret,Vidal,F,26
96,Alfred,Morel,M,52
849,Corinne,Delattre,F,56
1071,Dorothée,Blot,F,28
1109,Mathilde,Thibault,F,64
858,Anouk,Lopez,F,29
874,Capucine,Courtois,F,42
251,Matthieu,Lecoq,M,61
978,Suzanne,Pascal,F,41
401,François,Lecoq,M,40
370,Emmanuel,Rousset,M,60
61,Timothée,Seguin,M,36
416,Daniel,Benoit,M,30
937,Louise,Becker,F,64
555,Sophie,Barbe,F,27
1014,Alexandria,Laporte,F,43
118,William,Bouchet,M,67
605,Agathe,Laurent,F,59
596,Marianne,Guillaume,F,18
21,Victor,Pasquier,M,56
1153,Claire,Laporte,F,36
274,Adrien,Teixeira,M,26
1130,Adrienne,Samson,F,18
888,Élisabeth,Perrier,F,69
632,Corinne,Antoine,F,23
602,Nicole,Marin,F,67
283,Noël,Bigot,M,43
188,Gilles,Poulain,M,60
877,Michelle,Maillet,F,29
85,Robert,Dufour,M,72
645,Claude,Martin,F,41
1135,Thérèse,Ramos,F,38
918,Claude,Tessier,F,24
669,Philippine,Bonnet,F,71
875,Joséphine,Aubry,F,37
633,Margaux,Duhamel,F,25
1202,Laetitia,Jean,F,47
996,Nath,Barbier,F,50
677,Valérie,Clerc,F,62
725,Michelle,Texier,F,56
770,Suzanne,Chartier,F,30
453,Franck,Hoarau,M,67
750,Michelle,Collet,F,65
291,Emmanuel,Noël,M,68
1022,Christiane,Royer,F,50
410,Nicolas,Lambert,M,24
157,Gilbert,Leduc,M,34
321,Stéphane,Gay,M,53
664,Simone,Reynaud,F,56
258,Joseph,Chrétien,M,63
104,Hugues,Meunier,M,44
759,Célina,Hoarau,F,56
510,Élisabeth,Weber,F,65
65,Étienne,Barthelemy,M,43
506,Suzanne,Richard,F,73
379,David,Perrin,M,55
1151,Marine,Riou,F,36
423,Antoine,Chartier,M,52
559,Manon,Perrier,F,61
916,Camille,Caron,F,31
491,Alphonse,Ollivier,M,45
187,Léon,Antoine,M,38
621,Marguerite,Evrard,F,19
102,Thomas,Wagner,M,60
882,Anne,Lacombe,F,21
1072,Thérèse,Pottier,F,67
583,Diane,Legendre,F,31
139,Arthur,Bonneau,M,58
680,Corinne,Denis,F,19
81,Sébastien,Robin,M,47
1173,Nicole,Parent,F,60
616,Anouk,Gautier,F,41
253,Théodore,Bernard,M,50
367,Julien,Descamps,M,21
898,Antoinette,Bodin,F,69
1034,Susan,Hoarau,F,34
547,Valentine,Delorme,F,48
740,Paulette,Guillaume,F,42
779,Margaux,Roux,F,64
626,Antoinette,Imbert,F,50
769,Marine,Bourgeois,F,60
586,Odette,Godard,F,65
279,Denis,Devaux,M,59
481,Timothée,Henry,M,47
707,Capucine,Baron,F,64
1209,Nathalie,Garnier,F,56
407,Richard,Gimenez,M,41
1203,Madeleine,Bernard,F,37
13,Stéphane,Roussel,M,33
739,Jeannine,Riou,F,55
689,Céline,Prévost,F,26
1179,Aurore,Descamps,F,35
646,Gabrielle,Pichon,F,33
535,Michèle,Guibert,F,58
744,Valérie,Cousin,F,68
1115,Inès,Rousseau,F,59
1145,Renée,Techer,F,58
541,Noémi,Mendès,F,45
71,Émile,Morel,M,18
620,Brigitte,Peron,F,58
955,Arnaude,Pasquier,F,50
405,Richard,Delorme,M,64
1199,Manon,Martins,F,60
696,Hélène,Lacroix,F,53
676,Julie,Henry,F,45
1112,Adrienne,Guérin,F,37
574,Margot,Alves,F,35
765,Nathalie,Marie,F,68
3,Martin,Bonnin,M,45
420,Honoré,Dumas,M,28
151,Matthieu,Bonnet,M,48
325,Arthur,Bailly,M,46
791,Lorraine,Marchal,F,62
110,Alexandre,Salmon,M,60
43,Marc,Huet,M,71
180,François,Collet,M,32
1188,Noémi,Garnier,F,52
782,Antoinette,Muller,F,60
1116,Camille,Leduc,F,42
456,Honoré,Gimenez,M,32
196,René,Picard,M,48
1214,Caroline,Briand,F,55
569,Stéphanie,Foucher,F,35
1152,Maryse,Gimenez,F,23
679,Hortense,Payet,F,73
389,Aimé,De Oliveira,M,65
920,Margaret,Olivier,F,47
276,Louis,Mercier,M,64
226,François,Weiss,M,40
229,Timothée,Hernandez,M,55
1085,Laure,Bousquet,F,56
705,Élodie,Dufour,F,49
114,Laurent,Gimenez,M,60
1193,Aurore,Schmitt,F,57
344,Théodore,Ribeiro,M,29
738,Hélène,Berthelot,F,47
1087,Édith,Blanchard,F,18
417,Lucas,Pruvost,M,40
532,Chantal,Adam,F,46
802,Susanne,Giraud,F,46
261,Eugène,Lefèvre,M,34
35,Henri,Blanchet,M,46
776,Claude,Clément,F,29
282,René,Lefort,M,22
601,Marguerite,Julien,F,25
238,Éric,Pascal,M,58
287,Roger,Nguyen,M,19
841,Véronique,Didier,F,66
414,Patrick,Charpentier,M,45
317,Christophe,Voisin,M,22
143,Emmanuel,Brunet,M,49
1065,Marianne,Guilbert,F,25
152,Nicolas,Cohen,M,55
545,Laetitia,Tanguy,F,64
448,Louis,Buisson,M,29
2,Gabriel,Mallet,M,39
207,Thibault,Lemaire,M,31
780,Édith,Didier,F,48
749,Henriette,Bouvier,F,20
927,Margaud,Schmitt,F,70
413,Émile,Guichard,M,20
706,Clémence,Rousseau,F,20
459,Roger,Lebrun,M,52
831,Lorraine,Petitjean,F,36
682,Victoire,Gimenez,F,67
1144,Valentine,Evrard,F,45
797,Margot,Leduc,F,22
464,Nicolas,Étienne,M,53
415,Édouard,Lemaître,M,60
516,Jeannine,Ferrand,F,27
427,Philippe,Petitjean,M,32
233,Tristan,Arnaud,M,40
155,Théodore,Raynaud,M,46
424,Jean,Aubry,M,45
1190,Margot,Moreno,F,59
984,Pénélope,Mallet,F,66
678,Éléonore,Royer,F,72
957,Corinne,Olivier,F,59
924,Andrée,Diaz,F,54
959,Célina,Marie,F,40
718,Corinne,Regnier,F,29
975,Lorraine,Fischer,F,68
6,André,Guilbert,M,56
554,Margaret,Vidal,F,42
653,Denise,Grenier,F,24
1023,Chantal,Leroux,F,40
39,Matthieu,Fleury,M,49
549,Bernadette,Bazin,F,64
247,Pierre,Pascal,M,47
0,Hugues,Lemonnier,M,31
392,Georges,Pereira,M,36
1121,Laurence,Ferreira,F,69
244,François,Duhamel,M,20
962,Astrid,Navarro,F,38
956,Louise,Bourdon,F,65
1054,Henriette,Fournier,F,34
371,David,Poulain,M,24
969,Céline,Robert,F,73
529,Geneviève,Rousset,F,19
375,Roger,Lebon,M,60
216,Eugène,Da Costa,M,34
1063,Marie,Le Roux,F,37
135,Xavier,Gaudin,M,48
896,Paulette,Bousquet,F,70
615,Capucine,Moulin,F,48
1064,Diane,Vallet,F,24
666,Élise,Leclercq,F,41
607,Suzanne,Lamy,F,70
524,Aurélie,Besson,F,22
792,Anouk,Rolland,F,58
694,Paulette,Baudry,F,40
1171,Élisabeth,Mercier,F,72
403,Philippe,Collet,M,50
191,Robert,Lopez,M,19
974,Diane,Mary,F,23
140,Matthieu,Pires,M,47
735,Alex,Leblanc,F,24
1078,Maggie,Ferrand,F,66
336,Marc,Imbert,M,38
844,Nicole,Laroche,F,28
1127,Pauline,Dubois,F,71
391,Augustin,Lambert,M,61
1201,Pénélope,Garcia,F,48
983,Amélie,David,F,61
47,Georges,Bertin,M,37
692,Suzanne,Mendès,F,18
467,Augustin,Blanchard,M,68
1174,Adèle,Lefebvre,F,38
28,Grégoire,Clerc,M,35
560,Marine,Joly,F,70
1107,Hortense,Samson,F,58
1089,Adrienne,Lebrun,F,50
763,Michelle,Maury,F,66
30,Olivier,Bernard,M,36
986,Alexandria,Carpentier,F,50
109,René,Bazin,M,29
954,Michelle,Philippe,F,66
932,Agathe,Chrétien,F,57
912,Hortense,Meunier,F,18
801,Cécile,Rémy,F,56
1060,Josette,Lebreton,F,51
15,Alphonse,Marion,M,27
1165,Anne,Aubert,F,44
254,Noël,Imbert,M,31
10,Richard,Hamon,M,53
864,Louise,Hebert,F,65
323,André,Normand,M,33
408,Bernard,Rodriguez,M,72
1099,Simone,Peron,F,38
985,Diane,Valette,F,57
364,Émile,Maillet,M,21
90,Henri,Blin,M,45
522,Anastasie,Meyer,F,39
517,Chantal,Garnier,F,65
729,Célina,Pereira,F,28
748,Laure,Blanchet,F,27
625,Adrienne,Barre,F,36
124,Marc,Olivier,M,66
1137,Philippine,Evrard,F,20
41,Philippe,Barbe,M,56
190,Luc,Robert,M,66
1118,Philippine,Dufour,F,70
861,Marthe,Lesage,F,71
772,Gabrielle,Bouchet,F,57
383,Charles,Fernandes,M,65
1066,Alix,Grégoire,F,51
773,Henriette,Gallet,F,20
1073,Sophie,Ollivier,F,70
1114,Geneviève,Renaud,F,28
670,Élise,Bourgeois,F,64
673,Audrey,Lebreton,F,41
343,Marc,Bouvier,M,57
879,Françoise,Parent,F,22
385,Richard,Moreno,M,53
942,Charlotte,Caron,F,30
129,Timothée,Fernandes,M,19
144,Marc,Auger,M,51
929,Christiane,Bonnin,F,70
1211,Brigitte,Dumont,F,43
1058,Pénélope,Leclerc,F,33
991,Cécile,Mary,F,55
768,Constance,Ramos,F,28
1031,Margaret,Samson,F,43
186,Adrien,Charles,M,69
1056,Monique,Leclercq,F,61
1095,Corinne,Duhamel,F,72
767,Madeleine,Joly,F,47
394,Julien,Dufour,M,53
566,Élodie,Chauvin,F,69
742,Isabelle,Ribeiro,F,59
1,Benjamin,Roger,M,43
1143,Élisabeth,Clerc,F,54
296,Denis,Voisin,M,65
426,Hugues,Meyer,M,49
911,Bernadette,Chauveau,F,73
845,Aimée,Paris,F,64
834,Alex,Legrand,F,73
1149,Maggie,Delannoy,F,29
52,Benjamin,Legendre,M,62
