,prenom,nom,genre,age
1238,Christopher,Bloch,M,54
381,Iymona,Palazzo,F,35
396,Telemaco,Burrows,M,23
170,Denise,Boulay,F,61
594,Michèle,Rodrigues,F,50
1161,Marianne,Coste,F,43
947,David,Raymond,M,31
145,Théodore,Marion,M,56
458,Constance,Benard,F,66
735,Suzanne,Payet,F,71
1508,Élodie,Germain,F,24
1072,Michel,Schneider,M,68
517,Margaud,Pierre,F,49
118,Marcelle,Grégoire,F,58
1398,Hortense,Daniel,F,51
565,Terry,Catalán,M,46
764,Halid,Bauer,M,67
1355,Anouk,Paul,F,59
403,Zoé,Adam,F,57
303,Lucy,Perez,F,24
198,Henri,Fernandez,M,43
852,Saida,Jáuregui,F,18
497,Louis,Fabre,M,44
1004,Adrien,Cordier,M,48
335,Rayyona,Muhammadsolihov,F,48
829,William,Muller,M,61
1025,Roland,Legendre,M,47
783,Carmelo,Esparza,M,68
150,Éléonore,Guibert,F,55
930,Dunyo,Tschentscher,F,46
20,Zinnura,Clark,F,68
81,Aimée,Bonnin,F,33
113,Robin,Kamronov,M,22
837,Jean,Raymond,M,63
270,Albina,Muhammadsafoev,F,35
1187,Marissa,Lee,F,58
926,Michèle,Girard,F,47
693,Thierry,Hebert,M,36
273,Georges,Texier,M,36
573,Patrick,Ledoux,M,54
597,Frederick,Ramón,M,29
1407,Alejo,Montesinos,M,69
1135,Caroline,Leclercq,F,70
962,Juliette,Barbier,F,70
540,Caroline,Mace,F,49
1451,Elisabet,Hahn,F,38
678,Valentine,Boyer,F,32
844,Gianmarco,Camilleri,M,21
900,Simone,Rousset,F,55
917,Thérèse,Boulay,F,71
663,François,Colas,M,55
849,Aimée,Bernier,F,72
667,Mercedes,Santamaría,F,23
905,Jack,Escudero,M,29
42,Luigina,Malikova,F,44
1467,Henri,Leclerc,M,28
1472,Capucine,Laroche,F,72
640,Pauline,Dos Santos,F,18
503,Laylo,Peukert,F,46
1454,Martina,Täsche,F,25
1111,Brigitte,Huet,F,61
642,Christophe,Morin,M,21
983,Amélie,Guillou,F,41
586,Jacques,Perrot,M,59
881,Baudelio,Hutchinson,M,29
703,Sophie,Leclerc,F,31
507,Traudel,Hadijayeva,F,19
534,Isabelle,Lefèvre,F,58
126,Mustafo,Steinberg,M,29
531,Julie,Lamy,F,56
819,Marianne,Huet,F,31
691,Xolid,Bosio,M,61
48,Capucine,Mary,F,43
464,Laure,Moreau,F,29
655,Brigitte,Henry,F,62
1198,Lutz,Coleman,M,39
1321,Augustin,Aubry,M,53
1307,Thierry,Millet,M,22
924,Laura,Williams,F,61
194,Zacharie,Martin,M,67
1468,Frédérique,Delaunay,F,21
736,Roger,Deschamps,M,23
1000,Manon,Albert,F,28
576,Anaïs,Jacquot,F,45
742,Julie,Roche,F,48
907,Éric,Maréchal,M,18
1280,Emmanuel,Aubert,M,54
1253,Telmo,Osborne,M,73
1084,Feliciano,Allen,M,39
1370,Geneviève,Diallo,F,22
606,Thibault,Coste,M,31
61,Étienne,Bouvier,M,33
169,Frederike,Sadiyeva,F,48
377,Charles,Lecoq,M,23
988,Gérard,Hamel,M,56
1449,Nath,Albert,F,27
337,Victor,Monnier,M,18
44,Aitana,Villadicani,F,57
1250,Siglinde,Halidov,F,67
1377,Philippine,Hamon,F,19
209,Céline,Dias,F,24
181,Margaret,Tanguy,F,23
1480,Antoinette,Poirier,F,55
1231,Farangiz,Pedro,F,56
1183,Suzanne,Grenier,F,34
887,Carl,Sevarova,M,70
745,Adrien,Neveu,M,59
147,Xavier,Lelièvre,M,42
1346,Gian,Cantimori,M,50
68,Leticia,Abubakrov,F,27
658,Matthieu,Albert,M,49
1473,Christel,Murray,F,23
50,Marcel,Lemoine,M,35
389,David,Besnard,M,32
956,Denis,Labbé,M,39
290,Victoire,Perrin,F,56
834,Lucas,De Sousa,M,30
1413,Julien,Lopez,M,20
319,Svetlana,Leonardi,F,52
634,Lucrezia,Iadanza,F,64
1447,Laurent,Toussaint,M,67
990,Monique,Maurice,F,30
515,Noël,Moreau,M,41
1491,Fabián,Klotz,M,60
935,Maria,Scheibe,F,55
1127,Tristan,Carlier,M,32
1137,Sophia,Schmiedecke,F,32
401,Catherine,Hamel,F,54
765,Anaïs,Gauthier,F,47
227,Aurélie,Aubry,F,21
56,Stéphanie,Lucas,F,62
53,Josefa,Abduboriyov,F,72
973,Marine,Benoit,F,32
419,Marguerite,Da Costa,F,35
1367,Alix,Mahe,F,18
295,Aimé,Arnaud,M,52
363,Steffi,Richardson,F,61
54,Ariane,Asmiraeva,F,25
1128,Alice,Normand,F,36
954,Olivie,Texier,F,43
1168,Charles,Giraud,M,24
492,Marc,Gosselin,M,37
479,Lucie,Vidal,F,59
38,Cebrián,Mude,M,47
885,Daniel,Descamps,M,31
1422,Geneviève,Pages,F,30
980,Caroline,Gay,F,18
1374,Philippe,Rémy,M,59
1353,Alice,Dumont,F,27
570,Vanessa,Barber,F,28
352,Richard,Laine,M,70
1406,Clémence,De Oliveira,F,19
1450,Capucine,Bouvier,F,57
385,Selim,Mata,M,57
127,René,Bègue,M,68
1197,Kathrin,Hartung,F,42
242,Manon,Boulay,F,63
466,Federica,Holt,F,70
785,Hugues,Potier,M,51
1292,Marc,Monnier,M,63
399,Anne,Traore,F,24
518,Alexandria,Gaudin,F,20
171,Antoine,Maillard,M,69
390,Otabek,Cignaroli,M,52
1504,Zacharie,Perret,M,69
588,Rene,Prada,M,19
1510,Gerard,Pennetta,M,58
386,Cheryl,Keudel,F,24
945,Stéphane,Leconte,M,36
737,Antoine,Carlier,M,52
409,Julie,Laine,F,52
9,Omina,Solihayeva,F,46
1169,Caroline,Le Gall,F,70
1143,Mandy,Nuriyeva,F,19
589,Pauline,Étienne,F,18
98,Marcus,Parra,M,43
963,Ofelia,Reuter,F,19
1433,Honoré,Marie,M,34
1067,Gabrielle,Collin,F,62
472,Auguste,Delmas,M,41
1498,Henri,Blanchard,M,57
1306,Michel,Dumas,M,59
1417,Philippine,Duval,F,69
1145,Juliette,Fleury,F,55
828,Amor,Naser,M,61
1489,Jérôme,Le Gall,M,66
192,Nathalie,Carre,F,56
611,Mechtild,Green,F,22
635,Nathalie,Hamon,F,39
241,Paige,Trevisan,F,59
1140,Áurea,Espejo,F,27
1338,Alain,Dumont,M,30
769,Jonathan,Seidel,M,56
201,Micaela,Davies,F,68
762,Richard,Merle,M,42
1221,Luce,Gallet,F,64
921,Yolanda,Collins,F,58
1024,Richard,Chevallier,M,18
1432,Nathalie,Dupré,F,55
1149,Marc,Marques,M,22
888,Nicolas,Jacques,M,40
1314,Jacques,Hardy,M,43
1068,Fabrizio,Turati,M,21
732,Josette,Lemonnier,F,18
698,Charlotte,Joseph,F,46
408,Océane,Martineau,F,53
480,Martine,Lemonnier,F,56
950,Margaret,Marion,F,45
1318,Léon,Dupont,M,71
822,Tristan,Girard,M,65
1316,Beth,Elías,F,23
539,Ángel,Moore,M,23
326,Luc,Lopez,M,27
1054,Michèle,Simon,F,23
1385,Marianne,Lemoine,F,57
1014,André,Costa,M,61
235,Thierry,Hubert,M,37
1064,Zacharie,Munoz,M,29
1141,Bernard,Blanchet,M,24
1388,Robert,Bourdon,M,40
553,Aurore,Morel,F,72
993,Stéphanie,Huet,F,49
258,Audrey,Dubois,F,31
154,Ja’far,Fraser,M,47
1465,Luc,Marchal,M,38
1228,Françoise,Delorme,F,61
690,Christophe,Moreau,M,66
134,Diane,Guibert,F,20
708,Lisa,Wohlgemut,F,30
630,Dorothée,Garnier,F,64
459,Asdrubal,Milanesi,M,29
35,Sabrina,Etzold,F,50
782,Yves,Pascal,M,68
628,Geneviève,Blondel,F,51
508,Aimé,Leroy,M,31
475,Honoré,Dumas,M,55
1360,Laurence,Joseph,F,50
817,Timothée,Caron,M,32
1485,Sébastien,Lecoq,M,53
789,Camillo,Tacchini,M,27
1440,Hipólito,Samiyeva,M,22
647,Émilie,Nicolas,F,39
1055,Pénélope,Poulain,F,64
895,Henri,Roche,M,50
986,Alain,Dias,M,18
428,Jeanne,Maillard,F,55
1308,Leah,Pratt,F,59
420,Thibault,Blanchard,M,57
617,Christine,Lerner,F,35
804,Lorraine,Bègue,F,45
995,Raymond,Buisson,M,29
653,Gudula,Cordero,F,42
224,Adélaïde,Grégoire,F,25
1060,Lilla,Muhammadyusupov,F,28
1078,Virginie,Jacques,F,50
811,Frédéric,Robin,M,64
1125,Océane,Dubois,F,53
1408,Adèle,Guilbert,F,60
884,Alessandra,Crespo,F,55
2,Beatrice,Kranz,F,50
1237,Abdulloh,Beier,M,56
449,Eva-Marie,Muslimaeva,F,20
965,Angelita,Aguirre,F,29
934,Luc,Allard,M,25
280,Thibaut,Clerc,M,68
1178,Victor,Cuervo,M,65
75,Dominique,Collet,F,25
281,Humayra,Vilanova,F,65
58,Thierry,Lemaître,M,63
1384,Bernadette,Hebert,F,33
878,Claude,Hamel,F,38
545,Éléonore,Georges,F,62
929,Jean,Regnier,M,68
550,Victoire,Roger,F,37
7,Joseph,Rocher,M,41
1396,Alphonse,Martel,M,32
1182,Olivie,Dupuis,F,66
871,Andrée,Cordier,F,46
1103,Marc,Delorme,M,61
212,Zacarías,Barbero,M,20
305,Annika,Margraf,F,45
1403,Jean,Camus,M,37
835,Victoria,Poole,F,71
27,David,Raynaud,M,24
300,Sharon,Leiva,F,54
92,Jérôme,Masse,M,21
1176,Denise,Pichon,F,22
914,Matthieu,Hamel,M,38
456,Hernán,Gual,M,39
1301,Isaac,Lejeune,M,23
998,Gianna,Villar,F,27
28,Tibor,Kuhl,M,62
1354,Marcelle,Bruneau,F,46
158,Laurence,Marchal,F,23
184,Roberta,Toninelli,F,60
915,Philippe,François,M,70
890,Christophe,Potier,M,52
725,Georges,Joubert,M,25
230,Brenda,Téllez,F,59
705,Louise,Leclercq,F,40
1209,Philippe,Rousset,M,53
465,Nico,Mayoral,M,22
899,Marco,Dunyoeva,M,19
216,Thibaut,Roger,M,60
91,Olivier,Guyot,M,21
908,Théophile,Maillard,M,38
1144,Édouard,Masson,M,31
1309,Emmanuel,Dubois,M,48
392,Christine,Rodrigues,F,69
455,Nicolas,Charpentier,M,60
1335,Zahro,Davis,F,62
1091,Sylvie,Duval,F,48
190,Safina,Ferguson,F,61
1119,Marc,Boucher,M,31
556,Vincent,Picard,M,64
1009,Victoria,Calvo,F,46
951,Roland,Richard,M,33
509,Piedad,Desio,F,35
110,Adèle,Petitjean,F,46
1400,Élise,Briand,F,50
444,Rayyona,Sebastián,F,70
997,Nathalie,Boutin,F,71
462,Constance,Launay,F,23
67,Sabine,Rodriguez,F,26
1234,Mushtariy,Wood,F,48
406,Marcelle,Chevallier,F,57
1173,Camille,Boulanger,F,58
717,Nicolas,Robin,M,61
438,Jacques,Julien,M,55
957,Christophe,Hardy,M,37
637,Humoyun,Karge,M,25
1093,Jeannine,Besnard,F,71
16,Denise,Ribeiro,F,45
422,Benno,Walker,M,47
499,Albertine,Palma,F,28
1390,Sébastien,Paris,M,39
1477,Suzanne,Pineau,F,46
823,Franck,Dumont,M,54
30,Vincent,Bonnet,M,51
1114,Jeanne,Maillard,F,33
107,Milica,Fröhlich,F,67
1381,Efraín,Kraushaar,M,68
354,Thibault,Brunel,M,34
1163,François,Laine,M,48
563,Benjamin,Aubert,M,31
869,Charlotte,Boucher,F,25
612,Margaret,Lejeune,F,42
805,Leigh,Vega,M,56
1470,Nathalie,Parent,F,28
407,Manon,Ledoux,F,31
129,Bernard,Chauveau,M,37
1319,Gretchen,Gritti,F,23
0,Alexandre,Maurice,M,22
1273,Capucine,Techer,F,69
1462,Joséphine,Potier,F,27
820,Lola,Goodwin,F,38
1008,Simone,Tessier,F,32
974,Éléonore,Marchand,F,64
994,Philippe,Roy,M,22
323,Élise,Carlier,F,39
1387,Sabine,Ferrand,F,71
1267,Alfred,Vallée,M,67
344,Benoît,Torres,M,67
1251,Geneviève,Couturier,F,72
341,Annamaria,Xolidov,F,23
14,Susanne,Lemaire,F,22
697,Inken,Iñiguez,F,21
941,Victor,Picard,M,48
579,Grégoire,Mahe,M,37
103,Craig,James,M,64
864,Federigo,Lucarelli,M,37
1171,Nina,Pechel,F,20
425,Nozima,Reuter,F,26
250,Dorothée,Perrin,F,66
946,Nathalie,Robin,F,28
754,Rogelio,Acero,M,38
1021,Colette,Adam,F,44
1383,Alice,Guyot,F,30
478,Clare,Davies,F,24
1081,Denise,Leblanc,F,37
549,Martin,Bègue,M,48
757,Jérôme,Bourgeois,M,52
196,Lucie,Pasquier,F,31
489,Colette,Antoine,F,71
613,Bärbel,Edwards,F,20
342,Victoire,Payet,F,61
772,Marine,Sanchez,F,64
159,Margaux,Cousin,F,25
1165,Thierry,Gomez,M,53
1206,Dominique,Cordier,F,52
382,Théodore,Blanchard,M,31
847,Margherita,Gertz,F,48
186,Corinne,Bonnin,F,62
357,Muhammadsodiq,Buchholz,M,68
1458,Victoire,Jacquet,F,73
1361,Chantal,Blanchet,F,59
442,Théophile,Maillot,M,21
1514,Lawrence,Lladó,M,47
157,Aimée,Gallet,F,21
3,Josette,Bourdon,F,71
1063,Rémy,Vaillant,M,25
155,Elisa,Clark,F,35
1212,Nicole,Mathieu,F,47
1298,Matthew,Márquez,M,49
767,Antoine,Leroy,M,61
870,Benoît,Laporte,M,20
1478,Adrienne,Martins,F,64
95,Alain,Michaud,M,69
513,Gabriel,Da Silva,M,57
987,Virgilio,Hall,M,21
287,Corinne,Gros,F,46
527,Hans-H.,Muhammadaminov,M,27
781,Camille,François,F,51
176,Matthieu,Dupuy,M,23
1334,Victoire,Durand,F,23
982,François,Joly,M,39
868,Claude,Barthelemy,F,59
293,Gérard,Lebreton,M,42
1003,Michelle,Bertin,F,26
1147,Claude,Laroche,F,20
766,Laure,Barre,F,40
795,Léon,Robin,M,30
525,Gertrudis,Delle,F,25
374,Clémence,Teixeira,F,68
271,Alex,Legros,F,49
794,Hélène,Evrard,F,69
203,Jules,Schmitt,M,20
753,Andrée,Pons,F,43
32,Aimée,Leconte,F,38
1443,Isabelle,Lévêque,F,32
122,Bernadette,Briand,F,24
755,Emmanuelle,Vidal,F,21
1130,Sylvie,Boyer,F,42
1254,Iymona,Cooper,F,33
365,Muhammadsafo,Holzapfel,M,67
361,Stéphanie,Baudry,F,34
31,Constance,Duhamel,F,32
770,Jules,Pruvost,M,62
1235,Célina,Boulanger,F,68
657,Marta,Jüttner,F,48
1191,Brigitte,Hamon,F,53
595,Trudi,Oyshayeva,F,46
467,Dominique,Fouquet,F,46
1395,Suzanne,Munoz,F,58
296,Clelia,Sabater,F,38
793,Xavier,Mercier,M,46
1363,Sophie,Bertin,F,59
846,Agnès,Morvan,F,33
1095,Danielle,Bruneau,F,18
758,Isaac,Paris,M,24
133,Guillaume,Lopes,M,34
69,Clémence,Breton,F,57
402,Laurence,Laroche,F,68
943,Véronique,Normand,F,23
1022,Guillaume,Da Costa,M,66
1295,Margaux,Henry,F,21
788,Alix,Teixeira,F,23
1192,Alexandria,Rossi,F,40
718,Marianne,Cordier,F,41
1028,Alexandrie,Brunet,F,45
1059,Humberto,Schaaf,M,50
1088,Luigina,Rust,F,40
453,Sylvie,Munoz,F,51
102,Danielle,Pelletier,F,39
1419,Christophe,Bègue,M,28
800,Afruza,Ferrari,F,65
784,Isaac,Samson,M,33
719,Hugues,Salmon,M,47
1246,Erika,van der Dussen,F,37
1357,Halid,Preiß,M,22
810,Françoise,Jourdan,F,52
1213,Aimée,Hardy,F,34
931,Chantal,Nguyen,F,20
188,Margaret,Sabinova,F,61
247,Michel,Maillard,M,58
1401,Roland,Laroche,M,26
490,Constanza,Villarosa,F,60
17,Marguerite,Sanchez,F,42
967,Guillaume,Gautier,M,27
498,Laetitia,Picard,F,54
1223,Jules,Marchal,M,61
873,Fariz,Badoer,M,62
412,Thérèse,Lejeune,F,44
1284,Amber,Martin,F,31
225,Inès,Lagarde,F,32
1061,Denise,Antoine,F,72
324,Hanne-Lore,Regge,F,64
468,Zubayr,Detti,M,55
704,Ale,Koch,F,25
359,Swen,Girón,M,43
39,Augusto,Mascagni,M,52
510,Isabelle,Pierre,F,41
121,Olivier,De Sousa,M,46
1271,Victoire,Guyot,F,60
724,Bernadette,Navarro,F,64
1210,Conor,Narváez,M,56
972,Vincenzo,Muhsinova,M,61
709,Tassilo,Alsina,M,30
288,Mahdi,Köster,M,59
88,Olivier,Allard,M,42
564,Auguste,Poulain,M,51
750,Alphonse,Bernard,M,34
128,Aurore,Lenoir,F,28
1138,Vincent,Martel,M,48
676,Margot,Auger,F,40
668,Eleanor,Galiano,F,73
360,Hugues,Bernard,M,66
8,Tomasa,Priego,F,42
958,William,Pruvost,M,18
1303,Laurence,Masse,F,70
567,Augustin,Collet,M,57
343,Michèle,Lacombe,F,62
857,Corinne,Wagner,F,28
223,David,Blondel,M,49
29,Dominique,Pinto,F,38
1218,Émilie,Maurice,F,68
557,Michel,Dubois,M,21
964,Émilie,Blanchard,F,31
322,Zinnura,Ballester,F,67
1083,Lorraine,Lévêque,F,72
494,Caroline,Loiseau,F,36
1249,Joseph,Verdier,M,49
473,Roger,Alves,M,42
1493,Suzanne,Ferrand,F,51
215,Salomón,Miles,M,62
1256,Virginie,Bonneau,F,70
581,Susanne,Henry,F,48
1410,Gianmarco,Ulug‘bekov,M,24
1366,Sébastien,Dijoux,M,57
66,Jacqueline,Faivre,F,73
1513,Humayra,Chittolini,F,53
706,Astrid,Laroche,F,63
1486,Sumayya,Butte,F,36
506,Hortense,Gallet,F,31
749,Alexandrie,Le Roux,F,41
1435,Jean,Blot,M,42
700,Margaret,Bodin,F,25
1349,Mohinur,Wulff,F,35
592,Margaret,Rocher,F,27
321,Constance,Techer,F,72
609,Aurore,Ferreira,F,47
1500,Freddy,Calzada,M,62
654,Odette,Maréchal,F,50
1368,Stéphanie,Tessier,F,73
682,David,Martin,M,64
200,Virginie,Diaz,F,29
440,Françoise,Klein,F,72
1162,Astrid,Marty,F,19
614,Christelle,Pichon,F,27
1297,Patrick,Laine,M,33
132,Sophie,Heß,F,24
598,Marcelle,Lamy,F,71
1096,Carolyn,Arnaiz,F,30
491,Victoire,Girard,F,46
418,Michelle,Mercier,F,63
1379,Françoise,Jacques,F,29
345,Alain,Duhamel,M,53
1122,Alex,Fernandes,F,62
910,Maricela,Palacios,F,64
62,Marine,Maurice,F,58
638,Noël,Coulon,M,31
470,Grégoire,Chauveau,M,71
1416,Arnaude,Étienne,F,33
855,Thibault,Pichon,M,30
111,Alessia,Adán,F,45
163,Margaret,Weber,F,54
561,Stilla,Nozimova,F,37
1466,Laurence,Chevallier,F,37
927,Jérôme,Étienne,M,71
1230,Frédérique,Bourdon,F,67
1262,Wilma,Eimer,F,63
812,Agathe,Seguin,F,29
366,Lucie,Hamon,F,56
741,Roger,Roger,M,41
596,Roland,Albert,M,70
423,Olivier,Laporte,M,25
1431,Renata,Cook,F,39
213,Brigitte,Dias,F,41
65,Suzanne,Boutin,F,38
1019,Thibaut,Lesage,M,22
1131,Anaïs,Roux,F,32
437,Vincent,Legros,M,23
797,Renée,Cohen,F,45
554,Laetitia,Delaunay,F,51
776,Lucas,De Oliveira,M,58
1259,Franck,Perrot,M,30
226,Julie,Weiss,F,21
37,Émile,Munoz,M,32
117,Marguerite,Bernier,F,72
763,Graziella,Graham,F,36
86,Giancarlo,Ellis,M,49
151,Agnès,Rossi,F,40
955,Bethany,Köster,F,20
1244,Stephen,Manning,M,52
1217,Constanza,Blanch,F,50
743,Astrid,Boutin,F,65
1501,Edit,Saldaña,F,30
713,Charles,Delmas,M,40
1456,Catherine,Rey,F,54
825,William,Bernier,M,54
575,Agathe,Verdier,F,68
861,Asila,Schenk,F,55
433,Muxlisa,Nuriyeva,F,72
624,Martin,Jacobi Jäckel,M,42
285,Auguste,Camus,M,64
1476,Luc,Valette,M,73
685,Laurent,Peron,M,35
84,Audrey,Royer,F,63
1153,Ja’far,Shohruxov,M,31
289,Mustafo,Mustafayev,M,19
451,Cecilia,Watson,F,62
748,Luc,Moreau,M,38
1245,Hortense,Traore,F,70
535,Marc,Dupont,M,28
862,Tatiana,Iacobucci,F,34
744,Marguerite,Renard,F,50
1241,Audrey,Brunel,F,70
1421,Luc,Courtois,M,36
493,Alexandrie,Morin,F,68
541,Pénélope,Chevallier,F,32
1215,Toni,Akmalov,M,70
1033,Concetta,Rius,F,26
1100,Susan,Klein,F,38
1304,Édouard,Bailly,M,26
105,Zakiyaxon,Cáceres,F,22
1326,Mehrimoh,Bradley,F,31
1164,Renée,Dufour,F,51
775,Simone,Rousset,F,31
417,Xavier,Rousseau,M,49
424,Marine,Delannoy,F,47
806,Muhammadamir,Aliyev,M,24
671,Patrick,Seguin,M,71
476,Mariana,Dilnozova,F,57
249,Alexandria,Lambert,F,19
863,François,Gaudin,M,59
883,Enver,Reyes,M,28
599,François,Jourdan,M,39
1036,Corinne,Verdier,F,32
160,Olivie,Thomas,F,25
859,Arnaude,Rocher,F,43
1414,Étienne,Fournier,M,58
546,Hugues,Hoareau,M,21
286,Denise,Safinayeva,F,55
1287,Suzanne,Bazin,F,72
574,Aurélie,Klein,F,27
1437,Emmanuelle,Schneider,F,71
1116,Isfandiyor,Bauzà,M,42
1481,Pauline,Jacob,F,51
26,Chantal,Thibault,F,45
59,Kelly,Amirayeva,F,47
771,Benoît,Mercier,M,50
1179,Michelle,Guérin,F,51
1027,June,Chiappetta,F,62
256,Christof,Muzdalifayeva,M,27
1276,Eileen,Yahyoev,F,58
953,Augustin,Bernier,M,43
816,Christelle,Marie,F,32
759,Mushtariy,Bloch,F,53
1,Georges,Maréchal,M,35
87,Gabrielle,Étienne,F,58
1294,Nilda,Rensi,F,44
1270,Zoé,Moreno,F,19
187,Christiane,Faivre,F,53
695,Éléonore,De Oliveira,F,63
166,Bertrand,Blin,M,53
1375,Laurent,Legrand,M,19
183,Alwine,Davids,F,39
431,Lisa,Rivas,F,24
1120,Claude,Jacob,F,19
537,Shirley,Álvaro,F,38
1323,Adrien,Blanc,M,68
621,Laurent,Jacquot,M,51
1057,Zacharie,Gomez,M,27
1226,Louis,Adam,M,59
1184,Camille,Adam,F,46
918,Margaux,Le Roux,F,45
46,Antoinette,Maurice,F,33
441,Matthieu,Legrand,M,24
149,Remigio,Roskoth,M,37
1056,Ruqiya,Tarantino,F,55
13,Marcel,Bertrand,M,71
519,Océane,Leroux,F,35
1136,Renée,Lemaître,F,65
1365,Emmanuelle,Collet,F,38
692,Alice,Lagarde,F,48
1015,Christelle,Faivre,F,57
1005,Michelle,Blot,F,50
434,Patrick,Asprucci,M,38
1423,Audrey,Weiss,F,33
1185,Manon,Coste,F,67
1066,Maryse,Lenoir,F,50
814,Adélaïde,Da Silva,F,49
1475,Nathalie,Dufour,F,58
308,Claude,Le Goff,F,72
1490,Agnès,Gay,F,25
328,Adélaïde,Aubry,F,22
739,Bernard,Charpentier,M,30
831,Emilio,Kaur,M,31
615,Gemma,Lamborghini,F,28
643,Rosenda,Bellido,F,61
1496,Aurélie,Muller,F,35
680,Victor,Lévêque,M,67
1415,Nathan,Rocha,M,65
205,Antonio,Vattimo,M,19
677,Saida,Fritsch,F,25
1188,Luc,Prévost,M,64
77,Karl-Ernst,Tuzzolino,M,42
1269,Daria,Saez,F,19
618,René,Lagarde,M,45
666,Alexandrie,Philippe,F,23
336,Alexandre,Leleu,M,29
378,Callum,Imonova,M,51
1031,Alexandrie,Dos Santos,F,50
662,Roger,Joly,M,62
1117,Aziza,Römer,F,71
572,Christelle,Meunier,F,41
1511,Zarina,Imonova,F,25
1233,Sabine,Bouchet,F,50
1463,Philippe,Bertrand,M,29
347,Bernadette,Pons,F,60
1409,Céline,Hervé,F,44
1471,Samandar,Montecchi,M,58
206,Volkhard,Mantegazza,M,24
1255,David,Bonnin,M,33
334,Richard,Cordier,M,34
1291,Rémy,Gosselin,M,23
364,Bernard,Devaux,M,40
1040,Maryse,Leroux,F,27
1220,Eugène,Collin,M,52
786,Jeanne,Foucher,F,54
1362,Artemio,Nurmuhammadov,M,69
747,Bernard,Langlois,M,66
47,Émile,Rodrigues,M,31
1086,Henri,Roy,M,22
818,Eugène,Delahaye,M,63
1305,Catherine,Dupuy,F,30
516,Stéphane,Lacroix,M,43
604,Maurice,Leroy,M,60
632,Agathe,Peltier,F,48
99,Christophe,Collet,M,20
436,Michelle,Lopes,F,55
1258,Santino,Fischer,M,21
1106,Iymona,Musfirayeva,F,43
115,Jules,Humbert,M,28
902,Anaïs,Diaz,F,34
269,Aimée,Delmas,F,64
542,Hélène,Dupré,F,60
1464,Rosa,Franco,F,65
371,Monique,Marie,F,36
780,Christophe,Lévêque,M,49
140,Julien,Maury,M,22
865,Camille,Brun,F,39
1418,Guillaume,Roux,M,41
1329,Agustina,Higueras,F,49
937,Victoire,Bonnet,F,55
78,Lucie,Ruiz,F,72
485,Laure,Marchand,F,42
283,Anne,Muller,F,30
395,Ottokar,Birnbaum,M,70
23,Richard,Bertin,M,29
446,Annetta,Caballero,F,63
73,Claudine,Dijoux,F,70
901,Lawrence,Alegria,M,72
721,Suzanne,Maréchal,F,71
911,Jeanne,Laurent,F,39
1199,Laetitia,Bègue,F,30
985,Hugues,Denis,M,66
733,Margot,Roche,F,25
608,Javohir,Wirth,M,32
1311,Dino,Salcedo,M,36
348,Maurice,Boutin,M,30
1260,Guillaume,Cousin,M,18
452,Jean,Samson,M,56
1108,Valérie,Marion,F,22
1133,Rachel,Steinberg,F,26
1299,Akobir,Batlle,M,70
616,Anne,Klein,F,53
904,Xavier,Robin,M,37
435,Olimpia,Heser,F,44
246,Hans-Walter,Bauzà,M,28
1455,Diane,Faivre,F,39
569,Jules,Letellier,M,40
1011,Emmanuelle,Clerc,F,38
284,Lutz,Segarra,M,21
161,Heather,Umarov,F,39
1333,Agapito,Hecker,M,63
577,Muslim,Gnatz,M,72
1494,Natividad,Austin,F,36
530,Nicole,Seguin,F,30
312,Paulette,Duval,F,62
168,Charlotte,Thierry,F,27
292,Zoé,Bègue,F,33
1115,Inès,Prévost,F,31
1023,Pierre,Salmon,M,57
841,Carl-Heinz,Guzmán,M,72
1444,Françoise,Vallet,F,62
1203,Chita,Wilson,F,39
790,Laetitia,Pineau,F,66
620,Vincent,Menard,M,34
1405,Émile,Descamps,M,72
229,Sandro,Williams,M,33
639,Jérôme,Maillet,M,43
379,Charles,Delorme,M,69
1358,Gordon,Dilnozova,M,72
559,Irma,Price,F,38
391,Suzanne,Coste,F,72
130,Alphonse,Lagarde,M,67
1224,Sébastien,Diaz,M,66
892,Betina,Steuer,F,25
238,Olivie,Noël,F,61
1242,Louis,Mathieu,M,68
398,Patricia,Becker,F,40
131,Émile,Bousquet,M,52
74,Soledad,Baldwin,F,62
560,Éléonore,Gros,F,62
445,Anaïs,Guillon,F,63
1404,Daniel,Roux,M,61
833,Thibault,Godard,M,57
331,Anaïs,Lopez,F,73
1325,Margot,Ferreira,F,57
384,Andrée,Perrier,F,25
1046,Daria,Fox,F,25
1219,Muzayyana,Barba,F,58
656,Serafina,Misicher,F,38
1074,Bernard,Ordóñez,M,18
880,Marie,Delaunay,F,58
1356,Luigi,Smith,M,50
610,Amélie,Da Silva,F,27
1189,Jérôme,Hebert,M,54
568,Édouard,Rocher,M,58
101,William,Gérard,M,59
1200,Lucas,Nguyen,M,62
1214,Susan,Foucher,F,58
688,Lazzaro,Ernst,M,68
339,Jeannine,Peltier,F,58
711,Matthieu,Besnard,M,41
353,Aurore,Laurent,F,26
1041,Patrick,Charrier,M,32
257,Loretta,Davis,F,59
587,Cécile,Marie,F,28
1229,Alexandria,Leleu,F,32
220,Alain,Lebreton,M,54
430,Eugène,Lebreton,M,31
272,Anne,Guillet,F,25
306,Margaud,Verdier,F,35
1243,Maggie,Huet,F,64
521,Virginie,Pasquier,F,18
173,Luc,Dumont,M,52
649,Margaret,Rogers,F,63
1324,Léon,Mace,M,70
413,Luc,Gilles,M,19
1342,Julie,Descamps,F,33
1050,Constance,Blanc,F,38
1077,Caterina,Benedetti,F,20
641,Valentine,Poulain,F,39
219,Gianluca,Green,M,20
333,Arthur,Camus,M,58
555,Édith,Boulanger,F,26
1071,Camille,Joly,F,21
141,Richard,Morel,M,25
1506,Marianne,Blot,F,36
1216,Suzanne,Voisin,F,63
631,Asilbek,Kohl,M,54
267,Alain,Parent,M,50
1157,Chantal,Nguyen,F,47
933,Jeanne,Diaz,F,72
939,Margaux,Verdier,F,25
1442,Leanne,Muhammadrizoyev,F,29
340,Justin,Röhrdanz,M,63
1448,Gérard,Chevalier,M,26
243,Josette,Clerc,F,39
1151,Gilles,Pires,M,66
543,Cassandra,Ruggeri,F,60
233,Eugène,Foucher,M,37
1079,Alix,Munoz,F,35
803,Stéphanie,Charles,F,19
944,Matthieu,Fontaine,M,36
245,Milan,Trobbiani,M,27
1062,Lucy,Perret,F,30
237,Manolo,Elliott,M,51
585,Augustin,Lesage,M,53
106,Hanny,Schaaf,F,63
244,Madeleine,Deschamps,F,34
752,Camille,Le Roux,F,22
427,Sardor,Muhammadsolihov,M,19
627,Marcelle,Joubert,F,33
1430,Christine,Weber,F,65
1502,Bertrand,Lebreton,M,73
1204,Samina,Pineda,F,39
309,André,Dias,M,29
208,Rémy,Dijoux,M,35
1286,Bernadette,Bernard,F,68
40,Odette,Thibault,F,67
207,Marijan,Tejero,M,41
89,Denis,Mahe,M,48
1207,Océane,Lefort,F,59
1275,Denise,Le Goff,F,47
180,Donatello,Mohinurova,M,49
304,Julia,Conway,F,66
684,Charles,Alexandre,M,59
591,Gustavo,Förster,M,62
774,Lydia,Busoni,F,57
1252,Abdurahmon,Benet,M,22
25,Édouard,Olivier,M,36
112,Jeannine,Lebreton,F,69
1507,Paul,Delmas,M,40
562,Max,Arranz,M,20
1474,Nathalie,Aubert,F,25
49,Aysel,Kühnert,F,59
1102,Pénélope,Pages,F,60
867,Thibault,Lefebvre,M,63
410,Tristan,Carlier,M,28
1205,Gastone,May,M,53
277,Charles,Pons,M,52
1393,Marie,Berthelot,F,25
1186,Marianne,Lelièvre,F,46
856,Flavia,Ansorova,F,50
1035,Gilbert,Becker,M,45
177,Amélie,Breton,F,30
520,Marianne,Ferrand,F,66
90,Bernardino,Salcedo,M,39
1034,Julien,Masse,M,72
1107,Nath,Faivre,F,38
773,Benjamin,Guillot,M,72
707,Madeleine,Henry,F,32
839,Grégoire,Launay,M,71
652,Denise,Pasquier,F,67
898,Juliette,Coulon,F,25
984,Auguste,Lemoine,M,44
1172,Sébastien,Jean,M,56
1427,Thierry,Bègue,M,67
1094,César,Asilbekov,M,52
45,Susan,Merle,F,63
528,Amélie,Besnard,F,72
603,Shohrux,Aumann,M,28
1155,Martin,Hoarau,M,25
832,Henriette,Gaillard,F,34
1170,Philippine,Clément,F,54
1208,Hélène,De Sousa,F,18
261,Juliette,Imbert,F,33
991,Marcel,Roy,M,21
496,Émilie,Rossi,F,71
1098,Élodie,Riou,F,71
450,Émilie,Paris,F,57
41,Manon,Fernandes,F,44
116,Mireia,Lindau,F,26
358,René,Petit,M,30
551,Rosaria,Zaccagnini,F,55
1045,Bernadette,Lambert,F,64
1439,Pauline,Georges,F,69
71,Beth,Otabekov,F,20
1372,Aurélie,Millet,F,68
488,Luc,Garcia,M,21
729,Élise,Martin,F,42
1487,Jeannine,Joseph,F,38
854,Simone,Gosselin,F,47
1441,Brigitte,Salmon,F,37
622,Virginie,Pires,F,49
416,Olivier,Lenoir,M,36
651,Antoinette,Mallet,F,36
1202,Juliette,Martins,F,18
738,Corinne,Grégoire,F,42
356,Muhammad,Sancho,M,62
1391,Margaret,Navarro,F,66
317,Bertrand,Gallet,M,63
584,Émile,Potier,M,71
310,Patricia,Reising,F,57
874,Philippe,Carlier,M,56
60,Adélaïde,Masse,F,47
388,Timothée,Meunier,M,58
1166,Martin,Lecoq,M,45
1497,Sophia,Odinaeva,F,68
919,Virginia,Martin,F,62
461,Denise,Couturier,F,67
681,Alphonse,Riou,M,38
1436,Xavier,Peltier,M,62
809,Julie,Lemaire,F,73
625,Julien,Besnard,M,36
686,Raymond,Breton,M,20
633,Éric,Weber,M,32
55,Renée,Aubry,F,64
1159,Hansjoachim,Mercantini,M,20
156,Maria-Theresia,Montes,F,67
1051,Édouard,Arnaud,M,19
1461,René,Faure,M,40
373,Margaud,Coste,F,65
1312,Roger,Leleu,M,71
380,Noémi,Pereira,F,39
70,Mathilde,François,F,55
1483,Denise,Aubert,F,48
922,Éric,Bonnet,M,73
262,Auguste,Dufour,M,62
443,Thierry,Meunier,M,27
463,Aimé,Durand,M,29
777,Celso,Maryamova,M,52
240,Maryse,Toussaint,F,50
279,Marianne,Cordier,F,38
1428,Aurore,Maury,F,56
600,Hugues,Gimenez,M,68
949,Jalol,Dilnurova,M,24
1283,Renée,Bousquet,F,33
278,Noël,Lemonnier,M,53
234,Constance,Julien,F,18
824,Natalja,Carnero,F,25
761,Bonu,Sarvarov,F,67
879,Rémy,Pires,M,44
259,Pauline,Martel,F,33
807,Emmanuel,Salmon,M,35
629,Célina,Moreno,F,55
601,Marcelle,Salmon,F,57
524,Marc,Louis,M,37
330,Emmanuelle,Meyer,F,19
787,Amélie,Poulain,F,18
1424,Agnès,Pottier,F,46
123,Élise,Blondel,F,56
1347,Muslima,Burton,F,19
940,Raymond,Guillet,M,54
583,Marcelle,Martinez,F,72
1460,Guillaume,Imbert,M,22
646,Margaud,Collin,F,68
1279,Sevara,Safinayeva,F,70
83,Henriette,Payet,F,38
1132,Nicolas,Lacombe,M,31
264,Luce,Joly,F,70
1032,Rómulo,Shepherd,M,71
1264,Sandra,Pinto,F,59
1148,Hadicha,Fonseca,F,27
1495,Thibault,Joseph,M,34
674,Jamie,Wieloch,M,62
827,Yves,Bruneau,M,39
367,Sarvinoz,Tschentscher,F,52
1012,Adrienne,Morel,F,66
502,Monique,Lebreton,F,49
889,Marcia,Polani,F,51
1129,Maggie,Philippe,F,56
178,Brigitte,Laporte,F,32
975,Mathilde,Huet,F,43
93,Renée,Weiss,F,37
1124,Lucy,Monnier,F,39
909,Christiane,Lebrun,F,73
400,Luce,Vincent,F,57
689,Martin,Guyon,M,19
1193,Noa,Rees,F,60
51,Gioffre,Nurmuhammadov,M,65
1503,Galina,Steckel,F,22
701,Ehrhard,Randazzo,M,44
275,Maggie,Gonzalez,F,67
1445,Teresa,Bou,F,64
251,Marguerite,Masson,F,62
320,Adelbert,Schäfer,M,38
1330,Janin,Hunt,F,60
1175,Dominique,Turpin,F,19
1099,Jeannine,Thomas,F,18
1322,Marine,Lelièvre,F,39
1352,Françoise,Jacques,F,37
727,Imelda,Nurmuhammadov,F,61
830,Carol,Villar,F,25
454,Agathe,Morvan,F,71
369,Bertrand,Henry,M,68
393,Véronique,Moreau,F,58
544,Céline,Adam,F,66
1499,Nathalie,Grégoire,F,58
1397,Timothée,Potier,M,21
728,Alphonse,Martinez,M,65
482,Hélène,Nguyen,F,72
175,Lisandro,Parisi,M,22
1412,Mathilde,Courtois,F,72
143,Timothée,Lacombe,M,51
582,Théodore,Gimenez,M,53
981,Véronique,Joly,F,70
1026,Farangiz,Iannelli,F,72
211,Joséphine,Joseph,F,57
1350,Josette,Leroy,F,67
63,Laurence,Lévêque,F,41
1146,Nath,Schmitt,F,18
231,Laurent,Albert,M,61
153,Céline,Gomes,F,34
1236,Rosaria,Maftunova,F,28
471,Noémi,Gay,F,52
136,David,Adam,M,70
148,Stéphanie,Martineau,F,60
843,Sa’diya,Schwital,F,38
1320,Stéphanie,Bertin,F,27
826,Ainara,Frost,F,60
313,Sa’diya,Bonueva,F,28
329,Alex,Da Costa,F,20
778,Hélène,Garnier,F,51
636,Céline,Perez,F,40
1453,Timothée,Philippe,M,38
1359,Michèle,Masse,F,63
1082,Xenia,Bolander,F,24
19,Élisabeth,Lacombe,F,66
842,Manon,Lacombe,F,65
179,Kumush,Bolander,F,32
619,Victor,Dias,M,63
276,Édouard,Moreno,M,54
362,Claudine,Gérard,F,20
1364,Eva,Balaguer,F,57
1469,Abbos,Khan,M,24
1139,Nathalie,Boyer,F,58
138,Luisa,Jockel,F,54
1331,Gilbert,Launay,M,44
866,Jake,Madrigal,M,57
239,Isabelle,Marin,F,33
397,Patrick,Gautier,M,45
979,Lucy,Lemonnier,F,47
699,Zoé,Bonnin,F,28
740,Adalberto,Tomasini,M,45
1104,Nicole,Benard,F,39
529,Suzanne,Morel,F,71
996,Julie,Albert,F,73
1302,Hortense,Lebon,F,18
886,Constance,Leroy,F,59
1070,Émilie,Maillet,F,72
1058,Anaïs,Poulain,F,69
548,Patricia,Jacquot,F,29
936,Jacques,Gaillard,M,46
602,Arnaude,Langlois,F,49
1505,David,Martin,M,32
1087,Thierry,Marty,M,22
172,Abdul,Smith,M,36
314,Margaret,Hoareau,F,69
228,Benjamin,Guyon,M,56
1278,Jérôme,Guillot,M,30
1429,Mariana,Yusupov,F,52
182,Bertrand,Henry,M,73
1268,Julie,Teixeira,F,46
11,Julien,Delaunay,M,67
661,Thérèse,Lejeune,F,49
723,Benoît,Duval,M,55
799,Margaret,Lucas,F,39
375,Grégoire,Hoarau,M,70
969,Guillaume,Gosselin,M,58
1049,Laurence,Gilles,F,28
1037,Alzina,Luz,F,34
961,Guy,Diallo,M,27
1225,Regina,Otto,F,21
500,Henriette,Leclercq,F,64
1232,Sandra,Mahdiev,F,71
1399,Daniel,Lemaire,M,60
968,Denise,François,F,41
164,Andrée,Chauvin,F,62
232,Anastasie,Traore,F,53
838,Émilie,Giraud,F,41
1277,Sabine,Durand,F,58
152,Joseph,Berger,M,27
12,Élisabeth,Millet,F,40
687,William,Hardy,M,70
971,Connor,Samirov,M,66
214,Thierry,Lambert,M,30
1006,Mattia,Spanevello,M,52
1227,Luc,Pierre,M,36
307,Audrey,Pasquier,F,70
1293,Suzanne,Lesage,F,23
144,Guillaume,Fischer,M,36
779,Thomas,Gallet,M,36
80,Yves,Lebon,M,38
1482,Camille,Munoz,F,73
1090,Arthur,Legros,M,51
299,Grégoire,Lebrun,M,69
315,Édith,Delattre,F,62
1190,Juliana,Garobbio,F,38
1112,Hortense,Teixeira,F,32
1344,Mathilde,Peltier,F,42
504,Catherine,François,F,52
1030,Xavier,Giraud,M,53
526,Adrienne,Rossi,F,50
716,Laurent,Rivière,M,39
1029,Océane,Da Costa,F,42
897,Nathalie,Normand,F,73
139,Laurent,Bodin,M,63
146,Christophe,Baudry,M,55
137,Guy,François,M,21
768,Matthieu,Lejeune,M,57
429,Amina,Bonueva,F,18
558,Hans-Georg,Hill,M,46
268,Laurence,Roussel,F,28
1371,Éléonore,Da Silva,F,51
1018,Alice,François,F,70
405,Eugène,Hebert,M,22
683,Véronique,Thomas,F,60
119,Michel,Lambert,M,46
263,Margot,Lemonnier,F,27
1053,Hazel,Thanel,F,35
327,Sigfrido,Sager,M,59
813,Édith,Aubry,F,38
664,Antoine,Masson,M,70
1288,Émilie,Adam,F,35
891,Soledad,Wallace,F,52
120,Édouard,Maury,M,37
349,Gabrielle,Guyot,F,67
948,Shirley,Sala,F,35
4,Stéphane,Navarro,M,26
514,Odina,Alberdi,F,29
802,Diane,Jacques,F,41
1266,Stefania,Bazzi,F,48
1261,Gabriel,Renaud,M,51
1457,Meral,Wohlgemut,F,28
731,Nicole,Boutin,F,62
920,Virginie,Allain,F,28
302,Margaret,Marty,F,46
1317,Russell,Sauro,M,67
370,Esther,Treves,F,42
1512,Virginie,Rémy,F,65
694,Simone,Vallet,F,72
670,Adrienne,Marty,F,61
593,Emmanuelle,Lambert,F,36
1402,Julien,Petitjean,M,41
1285,Josefa,Costalonga,F,72
10,Pellegrino,Abubakrov,M,68
578,Aurore,Bouvet,F,47
851,Stéphanie,Laroche,F,30
756,Marcel,Costa,M,35
236,Raymond,Chevalier,M,48
1052,Maurice,Pelletier,M,35
135,Stanley,Molina,M,61
311,Édouard,Pages,M,51
501,Christophe,Jacquet,M,64
853,Édith,Da Silva,F,27
872,Leocadio,Draghi,M,62
605,Monique,Lesage,F,57
162,Édith,Hubert,F,68
350,Dominique,Colas,F,44
221,Pauline,Ribeiro,F,72
665,Jeffrey,Klapp,M,20
222,Laetitia,Noël,F,55
1343,Michèle,Leduc,F,56
882,Nicole,Vallée,F,44
1180,Adèle,Guillet,F,61
1020,Auguste,Laine,M,65
1300,Chantal,Gosselin,F,61
469,Éric,Pierre,M,66
318,Agathe,Meyer,F,70
938,Henriette,Étienne,F,49
607,Tristan,Morvan,M,58
1154,Suzanne,Parent,F,30
1010,Édouard,Fouquet,M,36
1113,Adèle,De Sousa,F,67
6,Alexandria,Charrier,F,22
22,Bernadette,Paul,F,51
1369,Vittorio,Tagliafierro,M,51
1411,Sa’diya,Parry,F,73
351,Louis,Yunusov,M,58
659,Lea,Walker,F,65
1201,Bernard,Carlier,M,58
338,Martina,Salohiddinov,F,33
254,Frédéric,Bruneau,M,71
966,Auguste,Reynaud,M,66
414,Flavio,Eberth,M,30
715,Charlotte,Lebrun,F,73
538,Adrien,Jacques,M,50
79,Adrienne,Maillot,F,30
368,Thibaut,Girard,M,68
372,Alex,Guyot,F,71
1296,Anastasie,Baron,F,62
746,Thibault,Ferreira,M,45
298,Iker,Mercantini,M,31
1336,Andre,Tucker,M,55
487,Ottone,Fröhlich,M,37
1194,Gilbert,Meunier,M,26
204,Aimée,Delaunay,F,56
1089,Richard,Gaudin,M,29
1076,Théodore,Nicolas,M,52
332,Benjamin,Dobes,M,57
952,Margaret,Maréchal,F,69
460,Mathilde,Bousquet,F,41
1339,Philippine,Lefèvre,F,21
1092,Rémy,Benard,M,21
896,Thibaut,Chrétien,M,63
15,François,Berthelot,M,38
52,Lucie,Allard,F,56
217,Claudine,Bourdon,F,68
976,Christophe,Hardy,M,26
383,Diane,Leduc,F,48
648,Jérôme,Evrard,M,21
523,Benjamin,Riou,M,42
294,Saturnina,Marin,F,58
1097,Eugène,Lefebvre,M,38
1118,Suzanne,Leclercq,F,73
1263,Grégoire,Tessier,M,63
970,Marcelle,Rey,F,68
672,Emmanuelle,Morel,F,68
1373,Édith,Cohen,F,25
142,Ali,Eckbauer,M,49
1248,Patricia,Lopez,F,48
1016,Brigitte,Thibault,F,28
1126,Christophe,Mathieu,M,24
1085,Michèle,Martins,F,59
1265,Che,Carter,M,48
1069,Maria,Geraci,F,56
316,Aimée,Blondel,F,24
64,Raymond,Raymond,M,35
24,Lorraine,Blanchard,F,52
673,Katie,Carsten,F,70
1434,Maryse,Lacroix,F,20
1289,Giulia,Pearce,F,67
100,Audrey,Marion,F,32
191,Jacques,Lesage,M,38
1337,Andrea,Montecchi,F,53
1425,François,Foucher,M,34
696,Alphonse,Lecomte,M,70
1110,Merche,Hill,F,51
1327,Nathalie,Lemaire,F,58
1177,Henri,Delattre,M,40
893,Thierry,Rivière,M,60
1313,Victoire,Peron,F,20
495,Anastasie,Étienne,F,41
432,Richard,Evrard,M,66
1048,Pierre,Bègue,M,20
836,Pénélope,Maurice,F,48
404,Caterina,Cristoforetti,F,71
1156,Joe,Carvajal,M,56
195,Gerhart,Otabekov,M,29
959,Yves,Lagarde,M,43
903,Margaret,Grenier,F,32
274,Arthur,Foucher,M,73
623,Marguerite,Rossi,F,30
5,Marthe,Renard,F,55
474,Suzanne,Regnier,F,43
260,Olivie,Bigot,F,65
989,Sabas,Hernández,M,43
411,Shukrona,Cugia,F,34
165,Olivie,Gay,F,31
798,Claire,Allard,F,27
894,Laurence,Humbert,F,71
18,Adele,Bazzi,F,63
1420,Diane,Guillet,F,50
977,Barbara,Mohlaroyimova,F,71
167,Tristan,Albert,M,30
710,Hortense,Poulain,F,23
505,Maryse,Leroy,F,18
57,Caroline,Lemaire,F,63
978,Manon,Pages,F,47
484,Lucas,Navarro,M,53
792,Julien,Lefèvre,M,62
1479,Nathalie,Charles,F,51
1134,Édith,Leroy,F,45
76,Bertrand,Coste,M,53
248,Adelardo,Gude,M,30
1290,Jeremy,Verdú,M,41
1310,Matthieu,Devaux,M,32
801,Thierry,Lebon,M,38
1488,Oreste,Muhammadaminov,M,30
109,Renée,Clément,F,55
580,Zarina,Foletti,F,58
1240,Cheryl,Feruzova,F,55
197,Irma,Hartmann,F,62
679,Dagmar,Florio,F,25
547,Kayleigh,Javohirov,F,48
426,Hugues,Colas,M,22
860,Michelle,Étienne,F,27
1272,Bernard,Baron,M,35
1142,Gaspare,Castejón,M,18
1150,David,Mangold,M,57
702,Véronique,Mary,F,51
43,Georgine,Andrews,F,55
726,Paul,Toussaint,M,33
447,Frédéric,Fernandes,M,48
1446,Piermaria,Sanjarov,M,41
660,Daniel,Lenoir,M,51
875,Victor,Henderson,M,48
202,Manon,Labbé,F,24
626,Manon,Vaillant,F,54
840,Lidia,Adams,F,47
1484,William,Chauvin,M,31
522,Édouard,Paul,M,55
512,Martin,Jacques,M,21
1315,Samina,Galiano,F,63
1332,Blas,Safinayeva,M,64
645,Amélie,Lemaire,F,38
125,Claire,Poirier,F,57
108,Olivier,Martins,M,24
533,Constance,Guérin,F,55
1013,Liliana,Costalonga,F,57
486,Giulia,Tarantini,F,49
1426,Marianne,Grenier,F,35
791,Éléonore,Nguyen,F,25
174,Céline,Ribeiro,F,46
1394,Nicole,Techer,F,40
942,Édouard,Gaudin,M,45
1152,Théodore,Blondel,M,36
1073,Agnès,Rémy,F,68
675,Renée,Pineau,F,25
1452,Mary,Cheda,F,41
1281,Vincent,Leroy,M,19
511,Nicolas,Buisson,M,49
1017,Sinaida,Jahongirov,F,43
1123,Alfred,Joly,M,72
210,Marine,Jacquet,F,73
1351,Lucie,Aubert,F,48
1044,Caroline,Hervé,F,73
457,Adélaïde,Vallet,F,22
928,Théodore,Bigot,M,31
1158,Margot,Seguin,F,54
1378,Nicolas,Nicolas,M,34
760,Wolfhard,Llopis,M,60
96,Elena,White,F,50
566,Renée,Besson,F,24
21,Tristan,Denis,M,34
1174,Astrid,Aubert,F,32
1382,Claire,Duhamel,F,39
185,Diane,Rodrigues,F,56
1101,Alexandria,Hamon,F,18
325,Édouard,Perrin,M,56
82,Enzio,Begum,M,49
1080,Lucy,Rousseau,F,18
1380,Ursel,Mühle,F,32
808,Olav,Jaén,F,64
124,Zacharie,Hebert,M,34
532,Catherine,Tessier,F,21
1247,Céline,Marion,F,62
734,Dilnoz,Lazizov,F,29
751,Jean,Mary,M,22
1038,Astrid,Gaudin,F,34
1160,Constance,Humbert,F,19
845,Caroline,Auger,F,25
104,Denise,Leroy,F,54
650,Guillaume,Marion,M,71
1001,Jeannine,Jacquot,F,45
193,Adèle,Da Silva,F,26
913,Stéphane,Ollivier,M,32
1109,Michelle,Boulanger,F,58
858,Pilar,Gianinazzi,F,19
483,Eugène,Besnard,M,36
94,Adrienne,Gillet,F,50
1386,Laetitia,Garnier,F,50
481,Vincent,Riou,M,70
877,Alex,Tognazzi,M,40
477,Rayhona,Hussain,F,26
992,Victor,Charles,M,62
821,Émile,Gomes,M,33
876,Isaac,Ferrand,M,60
1376,Sylvie,Bouchet,F,66
448,Honoré,Adam,M,51
265,Mironshoh,Montalcini,M,27
266,Dominique,Martin,F,20
916,Auguste,Letellier,M,19
282,Ruben,Mitchell,M,24
644,Saturnina,Heras,F,48
1340,Sophie,Maillet,F,66
925,Céline,Robin,F,59
590,Angela,Akmalov,F,59
1492,Éric,Meunier,M,22
301,Denise,Pinto,F,36
1257,Paulina,Villa,F,32
848,Alain,Alves,M,48
999,Ornella,Alarcón,F,70
536,Christiane,Aubry,F,50
1121,Luce,Guibert,F,26
714,Anouk,Peron,F,18
421,Marine,Ruiz,F,47
252,Arthur,Vallée,M,28
1239,Ria,Toledo,F,55
1002,Margot,Gaudin,F,41
394,Raymond,Alexandre,M,50
376,Camille,Michaud,F,54
97,Adrienne,Lelièvre,F,23
415,Robert,Potier,M,59
1438,Gérard,Rodriguez,M,51
36,Jodie,Perales,F,51
114,Marc,Mata,M,59
1392,Caroline,Mallet,F,71
291,Augustin,Gilbert,M,44
932,Denise,Hubert,F,73
1105,Zaida,Hurtado,F,44
355,Michelle,Gomes,F,33
346,Modesto,Carroll,M,23
1459,Christophe,Legrand,M,63
253,Muzdalifa,Nurmuhammadov,F,60
1043,Cécile,Marie,F,62
1328,Sole,Gozzi,F,59
912,Sian,Bell,F,21
923,Nicole,Dupré,F,21
1341,Concetta,Olmedo,F,20
1222,Antoine,Lopes,M,19
722,Margot,Maillot,F,68
1345,Annetta,Hadijayeva,F,62
72,Lucas,Guillet,M,62
387,Olivie,Sauvage,F,31
552,Denise,Vallée,F,55
1039,Claudine,Besson,F,19
1509,Catherine,Bourdon,F,37
850,Irmtraud,Henschel,F,26
1007,Timothée,Bouchet,M,43
1274,Zahro,Casares,F,73
33,Suzanne,Lenoir,F,51
218,Théophile,Guilbert,M,23
1042,Denise,Guibert,F,37
1065,Robert,Mendès,M,34
815,Dorothée,Peltier,F,45
1282,Aurore,Hamel,F,28
189,Véronique,Charpentier,F,33
796,Jacqueline,Descamps,F,22
1195,Zubayr,Abbott,M,19
1167,Lorraine,Bouvet,F,33
199,Sophie,Muller,F,57
1348,Ivo,Rismondo,M,26
669,Grégoire,Dijoux,M,19
255,Alfred,Lemoine,M,32
1211,Martin,Marty,M,48
712,Maggie,Da Silva,F,60
1196,Océane,Carlier,F,60
85,Christelle,Boucher,F,53
1075,Guillaume,Ramos,M,41
906,Alexandrie,Lebreton,F,32
1181,Adrien,Pages,M,45
297,Mathilde,Alves,F,21
960,Odette,Prévost,F,56
720,Martine,Launay,F,60
730,Henri,Gaillard,M,63
1047,Claude,Jacquot,F,33
1389,Anne,Peltier,F,53
571,Michèle,Olivier,F,55
34,Nathalie,Collet,F,68
439,Andrea,Vara,F,27
