Categorie,Produit,EAN_ano,Prix_produit
Boissons, Bière blonde,108637290297627519,1.9419274377702702
Boissons, Bière blonde,2015207177629430399,2.268911809283998
Boissons, Bière blonde,2187587226656486218,2.3597567913004833
Boissons, Bière blonde,5982123656266299588,3.0012146984527344
Boissons, Bière blonde,8008779091558041107,2.756212951236809
Boissons, Bière brune,1101912180999880645,1.8161272377269189
Boissons, Bière brune,1234949705952762203,3.3219392292051837
Boissons, Bière brune,2511050067069457193,1.6812679892642315
Boissons, Bière brune,2700882986227104941,1.7011647564173216
Boissons, Bière brune,3638647614895135715,3.531837757247401
Boissons, Bière brune,7124050952967655335,1.8724604019264552
Boissons, Bière brune,7162689988754676829,0.7759647115763286
Boissons, Boisson énergisante,551238597200389791,1.1563579142892777
Boissons, Boisson énergisante,1481789848092836280,1.6369957175816796
Boissons, Boisson énergisante,3134160628691306392,2.0102486981317353
Boissons, Boisson énergisante,7606165085448838080,1.9817738373704976
Boissons, Boisson énergisante,8436570538619158744,1.3806421093443457
Boissons, Café moulu,2536676021508338906,1.783252336427133
Boissons, Café moulu,2657463495526917053,3.009381548760758
Boissons, Café moulu,3030418429974521633,2.9816926195628115
Boissons, Café moulu,6344579212603638606,0.8338394414911066
Boissons, Café soluble,1212127768132678454,1.1413452552797203
Boissons, Café soluble,1282181521753275627,3.0419989798195965
Boissons, Café soluble,3532803490112506833,1.5228524616547596
Boissons, Café soluble,4077107300764919043,1.9393031533869256
Boissons, Café soluble,6762762928409629324,2.879167554235546
Boissons, Café soluble,8511736995060866809,1.6536450838765226
Boissons, Eau gazeuse,4505224762377280719,1.834599784359312
Boissons, Eau gazeuse,5301780584983562593,3.6390032418022757
Boissons, Eau gazeuse,6031499580233754174,2.1124319886397407
Boissons, Eau gazeuse,6491088394310227835,2.2936781550554293
Boissons, Eau gazeuse,6546080992571332900,1.4148847664046893
Boissons, Eau gazeuse,7026299412636009979,2.9205166489442
Boissons, Eau gazeuse,7431598416263714437,1.6596110004364264
Boissons, Infusions,1298325419177775937,2.524498762388622
Boissons, Infusions,2142676973512566821,2.0984566613536253
Boissons, Infusions,3329782999807274408,2.0384928919037537
Boissons, Infusions,6284254978416256003,1.8464262685972996
Boissons, Infusions,6538377975759456415,1.0670988106343864
Boissons, Infusions,7475053914741488235,2.735632998677657
Boissons, Infusions,8047783657688580314,1.6649340754996378
Boissons, Jus d'orange,3327142650426330223,2.3388089337980786
Boissons, Jus d'orange,4239679467346818165,1.830337865358986
Boissons, Jus d'orange,5633704949180728832,0.9457367825926863
Boissons, Jus d'orange,5856015423542869735,2.111929813856823
Boissons, Jus de pomme,2735116814034649098,2.7209299838192424
Boissons, Jus de pomme,4563604189763975857,3.025621311098664
Boissons, Jus de pomme,6867794490407162207,1.813284900537052
Boissons, Jus de pomme,7728937229472496571,2.545873505217261
Boissons, Jus de pomme,8324966806532330543,1.4283849052365956
Boissons, Jus multi-fruits,5021660673646751921,2.3950949505049386
Boissons, Jus multi-fruits,5148794541863415160,1.8896417587614296
Boissons, Jus multi-fruits,6389054882753877249,1.2966570192926437
Boissons, Jus multi-fruits,7505798385731452364,1.7421647552991408
Boissons, Jus multi-fruits,8868135354769677745,0.9712627098018018
Boissons, Lait chocolaté,2881138926738269261,1.4210173663300272
Boissons, Lait chocolaté,3511851156651468574,1.777455712501266
Boissons, Lait chocolaté,3615019559476093576,2.2312952332359637
Boissons, Lait chocolaté,3782509744269280441,2.1771626066226677
Boissons, Lait chocolaté,4688913899361797552,2.572512873671677
Boissons, Lait chocolaté,4973715526614288517,1.9273335189481913
Boissons, Lait chocolaté,5544048743063590974,2.697490578816919
Boissons, Limonade,497191384282123112,1.5400546611342933
Boissons, Limonade,2524046759968371517,2.82609927388483
Boissons, Limonade,4501238968332459081,1.8565589544748502
Boissons, Limonade,5368749018923706005,2.752193707664888
Boissons, Limonade,5911596951053330691,0.951215900096336
Boissons, Limonade,6330592504765706779,2.998335362102495
Boissons, Sirop de grenadine,418030606188962411,1.9495331679484995
Boissons, Sirop de grenadine,1503985516456815644,2.4788292269793524
Boissons, Sirop de grenadine,3138346013654492499,1.4442900538224945
Boissons, Sirop de grenadine,4527566568856847367,1.2324695423242296
Boissons, Sirop de grenadine,5538766028854708371,2.6885180963881017
Boissons, Sirop de grenadine,8353246207480092447,1.8278319291613674
Boissons, Sirop de menthe,308053071045380959,2.2177548551226307
Boissons, Sirop de menthe,1579780108750614267,1.9801043440998023
Boissons, Sirop de menthe,2648251672097193821,1.668122702999017
Boissons, Sirop de menthe,4564577302310009315,1.0021617628426345
Boissons, Sirop de menthe,6349146999657727122,1.4317206466789218
Boissons, Sirop de menthe,7013164269659961714,2.384086955135452
Boissons, Sirop de menthe,8509556490116465370,1.3076016392201302
Boissons, Thé glacé,3718312887662503915,1.5978928637862895
Boissons, Thé glacé,4133785724720019975,1.7621936213727145
Boissons, Thé glacé,4654037941927422942,1.22184688544823
Boissons, Thé glacé,5570719728713693153,2.233386077157788
Boissons, Thé glacé,6340009736462640292,0.914779286235406
Boissons, Thé glacé,8825035450528221755,1.8960444201800943
Boissons, Thé noir,576931997071206027,2.7471753169514654
Boissons, Thé noir,4393749985067715363,2.6165837923987834
Boissons, Thé noir,5312890693114965074,2.9812671061233607
Boissons, Thé noir,6235946492466645223,2.2358592127721924
Boissons, Thé noir,8061200236554405256,0.8361196420128139
Boissons, Thé noir,9009316542107198219,2.5995710051687424
Boissons, Thé vert,1062541911415574857,2.938707451362863
Boissons, Thé vert,7160235936852943333,2.078870404173189
Boissons, Thé vert,7702291486164794535,2.3857370552279513
Boissons, Thé vert,7718340823728455384,1.2916225925705045
Boissons, Vin blanc,4402428388193195409,1.7036193761671787
Boissons, Vin blanc,6778220038661007550,1.6635935567494435
Boissons, Vin blanc,7061700264717440632,0.9332417851892216
Boissons, Vin blanc,7086394560723818426,1.474824541280217
Boissons, Vin rouge,3447536786109032207,1.5332846420237267
Boissons, Vin rouge,4588674370128100733,2.6722333689605824
Boissons, Vin rouge,4911089472894967135,1.2442467651992728
Boissons, Vin rouge,6291267983947739516,1.7765147760852664
Boissons,Eau plate,1120146424377022115,1.5665250593474314
Boissons,Eau plate,3009138141519464358,2.393104670310537
Boissons,Eau plate,4077594930395538006,0.8832843458324813
Boissons,Eau plate,6767977408508295765,3.255719098030739
Boulangerie, Baguette,1159768905919250879,1.0841631818811164
Boulangerie, Baguette,1349593910571961258,0.8574359508671251
Boulangerie, Baguette,1372917458041922421,1.552795481094224
Boulangerie, Baguette,3117054214232625589,1.0455756449229519
Boulangerie, Baguette,5412495055698892999,1.6122133816417743
Boulangerie, Baguette,7501269213038144715,1.2228653298198071
Boulangerie, Baguette,8204600105218689402,1.3158487918735373
Boulangerie, Brioche,659341609577035813,0.5595679117252396
Boulangerie, Brioche,2750146267645887801,1.0972645578738547
Boulangerie, Brioche,3685795014364121226,0.4
Boulangerie, Brioche,7045704348416828684,1.8433547846088936
Boulangerie, Croissant,62201313722869957,1.2698719455847258
Boulangerie, Croissant,766323877703109953,1.190110842951815
Boulangerie, Croissant,2205197450075914575,0.961199005463903
Boulangerie, Croissant,3788233085958515552,0.7076532341373348
Boulangerie, Croissant,5412398171962834580,0.7944405951139153
Boulangerie, Muffin,497884292635921229,1.1564972520424242
Boulangerie, Muffin,1797023180106327817,0.7420544662208591
Boulangerie, Muffin,3125810357987033556,1.0670581400855441
Boulangerie, Muffin,6730772071440143722,0.8860702279197025
Boulangerie, Muffin,7394707923281803270,1.0336387744515048
Boulangerie, Muffin,7642861330753825135,1.3689201191198634
Boulangerie, Pain au chocolat,280735072755546153,0.8940829021890788
Boulangerie, Pain au chocolat,2460081485018491524,0.812338545390743
Boulangerie, Pain au chocolat,2493924784170012872,1.0932452465362874
Boulangerie, Pain au chocolat,4062043400039763085,0.6787213349678921
Boulangerie, Pain au chocolat,7216268936937384462,1.7212493649660436
Boulangerie, Pain aux céréales,1205642227395764688,0.6574286740259236
Boulangerie, Pain aux céréales,3119004806140229546,0.6757099769259282
Boulangerie, Pain aux céréales,4924999783148479766,1.0050744150714044
Boulangerie, Pain aux céréales,5909917568425331332,1.3711234981721152
Boulangerie, Pain aux céréales,6221743439757050050,1.0582299362574505
Boulangerie, Pain aux céréales,7376072906335461633,1.5782667504467771
Boulangerie, Pain aux céréales,8795096527106804285,1.6738852216009628
Boulangerie, Pain blanc,143709214558620620,0.6982258716886669
Boulangerie, Pain blanc,681596340578636639,1.3865316282308524
Boulangerie, Pain blanc,3093924333635062749,1.148179349883182
Boulangerie, Pain blanc,3677496656336814857,1.7087889091266604
Boulangerie, Pain blanc,7382989315531122143,0.7578920430414268
Boulangerie, Pain blanc,8402607041693082467,0.957284889331845
Boulangerie, Pain blanc,8609177986457111713,0.7026720299492487
Boulangerie, Pain de mie,1683386044717034406,0.8514550688827002
Boulangerie, Pain de mie,4200061575269260846,1.1708897266619362
Boulangerie, Pain de mie,4466833361879217676,1.0423557934713912
Boulangerie, Pain de mie,5384370091711914566,1.1206309727861692
Boulangerie, Pain de mie,5540949564109078464,1.044753664393433
Boulangerie, Tortilla,17612284763951209,0.753099868079488
Boulangerie, Tortilla,2706455714449372449,0.5310439788501768
Boulangerie, Tortilla,5825656054006108269,0.8057572924951184
Boulangerie, Tortilla,8270674905272825620,0.6301626528800024
Boulangerie, Wraps,1221142286076296921,1.8620469258235075
Boulangerie, Wraps,1336647181323256957,0.7310808846171138
Boulangerie, Wraps,6378074000687104663,1.4510876382677713
Boulangerie, Wraps,7842567401789499041,0.9340808148415926
Boulangerie,Pain complet,594688129055455607,0.4617493566996407
Boulangerie,Pain complet,732345621775017428,0.4
Boulangerie,Pain complet,2010107318457274867,0.890883021043439
Boulangerie,Pain complet,3383952642919952742,1.179440992333011
Boulangerie,Pain complet,6216169570928578413,0.9161200255665654
Boulangerie,Pain complet,6775301168914172574,0.6612285685503287
Boulangerie,Pain complet,7378509900267714280,1.6186998053707344
Conserves, Champignons en boîte,679283155856024234,1.0834957914596126
Conserves, Champignons en boîte,2376522754669247806,1.4567658973831066
Conserves, Champignons en boîte,8849058464146249053,0.4064718771181719
Conserves, Champignons en boîte,8869569707269773877,2.9286403740402074
Conserves, Compote de pommes,991532575419177816,1.6700329575697166
Conserves, Compote de pommes,5525240606281708601,1.0954952951326071
Conserves, Compote de pommes,5829050146680994601,1.548728600287324
Conserves, Compote de pommes,9140930447525321088,1.6628024823847078
Conserves, Cornichons,54576587953597721,1.4685579289417605
Conserves, Cornichons,835140015954796563,0.9318596881347048
Conserves, Cornichons,1104494419777495982,1.4192040261240964
Conserves, Cornichons,1487752781838798733,1.63542992474334
Conserves, Cornichons,3232672149761804351,1.2947166194544626
Conserves, Cornichons,3927798305177498842,1.4849207120820629
Conserves, Cornichons,4116886163251306787,0.8317674571559587
Conserves, Haricots rouges,813651858250834804,1.7956358529506464
Conserves, Haricots rouges,1135750405117323655,1.3032355427887272
Conserves, Haricots rouges,3719774741405241402,1.3658575241443556
Conserves, Haricots rouges,4496605387188943367,1.7708418846794287
Conserves, Haricots rouges,5269555260016961904,1.009223294343499
Conserves, Haricots rouges,5612503722773414360,0.8154994285675141
Conserves, Haricots rouges,7780853709950902463,1.7943745420452217
Conserves, Maïs en conserve,23939995056396808,1.8607823126889556
Conserves, Maïs en conserve,744113213774045332,2.5174316916197848
Conserves, Maïs en conserve,2317001384780760117,1.102499848794902
Conserves, Maïs en conserve,2872922975256328650,1.6059271797727486
Conserves, Moutarde,796318244394026419,1.263802239667989
Conserves, Moutarde,3472407456999384267,1.2169613185566115
Conserves, Moutarde,7336757318626446729,1.2851115507190893
Conserves, Moutarde,7503210123191304825,1.8817226345762985
Conserves, Olives noires,2181103394401634789,0.9265937191125952
Conserves, Olives noires,2418339417387792543,2.9349579374890125
Conserves, Olives noires,3476026310443894682,1.706698416925134
Conserves, Olives noires,5065927725272222680,1.73013840394573
Conserves, Olives noires,9047779202870643135,1.7194874130852624
Conserves, Olives vertes,1015971702827892117,1.050183797915356
Conserves, Olives vertes,1783589416421418438,1.5120648562078705
Conserves, Olives vertes,4680458203051909916,1.582633117741672
Conserves, Olives vertes,5995328948196705341,1.9417402461605093
Conserves, Olives vertes,6317730987896529058,2.162110162389923
Conserves, Olives vertes,8196042706711196146,0.6643021085241004
Conserves, Pois chiches en conserve,110077064601105220,1.5483898169670156
Conserves, Pois chiches en conserve,2756002250050512981,1.4079328664225452
Conserves, Pois chiches en conserve,3621384590290858732,2.3668405721959602
Conserves, Pois chiches en conserve,5554345897426892787,1.7343254715976553
Conserves, Pois chiches en conserve,6511368349970432234,0.4
Conserves, Pois chiches en conserve,8863377122060974953,1.6634855211493265
Conserves, Ratatouille en conserve,3092485576931554500,1.6260158261045112
Conserves, Ratatouille en conserve,3784746307565766864,1.405604110444036
Conserves, Ratatouille en conserve,4419498483676801968,1.6677149480553495
Conserves, Ratatouille en conserve,5708722212823563582,1.8443506899892634
Conserves, Ratatouille en conserve,9088096187873666375,1.6717105850696021
Conserves, Sardines en conserve,1839290428181291404,1.696843938934286
Conserves, Sardines en conserve,2845686478549143179,1.632565765939981
Conserves, Sardines en conserve,3235211367229027566,1.3442985690578013
Conserves, Sardines en conserve,8514929819207512441,1.2386516057186487
Conserves, Sauce pesto,367130933659325471,1.239895313076495
Conserves, Sauce pesto,1778863704484760675,1.7044615912707142
Conserves, Sauce pesto,3655487223978304607,1.353947567450907
Conserves, Sauce pesto,8401640946119966713,1.7614071204582271
Conserves, Sauce tomate,1486474119246720589,1.5583585016111092
Conserves, Sauce tomate,1819344921539115635,0.822014788177713
Conserves, Sauce tomate,2003361295314611646,1.7182360492271243
Conserves, Sauce tomate,4538479557265004066,1.7884571437508678
Conserves, Sauce tomate,6378803013400402818,1.7982199521022728
Conserves, Sauce tomate,6895841408530677630,0.8789759923642748
Conserves, Sauce tomate,7592536140320612202,1.8475231876740534
Conserves, Soupe en conserve,1284801795308806252,1.5053117587941072
Conserves, Soupe en conserve,1416206656060143449,1.4487816403605946
Conserves, Soupe en conserve,3007370823289352916,1.5690921487883893
Conserves, Soupe en conserve,5255515478412802267,2.0163923644942736
Conserves, Soupe en conserve,6589728940768595230,2.0100685526867847
Conserves, Soupe en conserve,6852999377306178253,2.3949126479000338
Conserves, Soupe en conserve,7530340979473772624,2.1087927927333574
Conserves, Thon en boîte,708167225425726734,0.9148904557416887
Conserves, Thon en boîte,3481788543354299064,1.4897656700938646
Conserves, Thon en boîte,5275670213728797853,0.9003240842454127
Conserves, Thon en boîte,5470741731738332960,0.5340942329837435
Conserves,Tomates pelées,2330522779143969001,1.755703897863287
Conserves,Tomates pelées,2639141426852082052,1.802286171453476
Conserves,Tomates pelées,5736590985978601922,1.6097666482040842
Conserves,Tomates pelées,6283507892595235093,1.5070573275421417
Conserves,Tomates pelées,6339755588231751403,1.747795592252926
Conserves,Tomates pelées,8522870477996970749,1.566903874563969
Fruits, Abricot,776899480353439255,3.6061348667873703
Fruits, Abricot,902720536364616446,2.9637759067372627
Fruits, Abricot,1687520159036824201,2.991420935041802
Fruits, Abricot,1774317069089408984,1.814987501706749
Fruits, Abricot,2288060278570371965,2.519544833995771
Fruits, Abricot,7775517900373212927,1.7700506046527837
Fruits, Abricot,8122370084149927261,3.305563189991162
Fruits, Ananas,2089106972474908463,4.169236271913106
Fruits, Ananas,2750304944972507160,1.9219407810260958
Fruits, Ananas,4703806411733859780,3.7331156160939893
Fruits, Ananas,5637365992656241710,3.652997748825033
Fruits, Ananas,5789504806164559716,2.6436052387149456
Fruits, Ananas,7268684202754780262,2.9603718897157343
Fruits, Ananas,9180866577910996134,2.6038081778355315
Fruits, Banane,1691323275967402128,1.7783527992164323
Fruits, Banane,2345701899079246435,2.0020782279943607
Fruits, Banane,5266037765700000076,1.9240106003791173
Fruits, Banane,7015151375123050122,2.5247894736511522
Fruits, Banane,7044342291137803734,3.6110437907201933
Fruits, Banane,8756410597620229216,2.243640100112328
Fruits, Banane,8889622001153759570,3.144470583012707
Fruits, Cerise,1712589534301631501,2.424413788525709
Fruits, Cerise,4136297211081524106,2.3713223668991334
Fruits, Cerise,4382953504535073754,2.602871558570419
Fruits, Cerise,4681687088064628720,4.568085908323149
Fruits, Citron,998815571517326246,2.784863441655617
Fruits, Citron,2753800375049345512,2.9451822663474503
Fruits, Citron,3866545644954292134,2.3557394653281185
Fruits, Citron,5867993624529910138,3.6636426039925953
Fruits, Citron,6424535515062145477,1.4313502589914775
Fruits, Fraise,447286133235656178,5.88990563142151
Fruits, Fraise,3103732223274574240,0.4080276206374176
Fruits, Fraise,5400391237254161820,3.8290344510371757
Fruits, Fraise,6563866172520052100,3.323126662152703
Fruits, Fraise,7898142798984352362,1.606894730163584
Fruits, Fraise,8733340634988321400,4.031832842031481
Fruits, Kiwi,2378833075376741831,3.1823057882140806
Fruits, Kiwi,3313225004649022909,2.8100234376780233
Fruits, Kiwi,4371907222048468724,3.490557691361186
Fruits, Kiwi,4720317040106619296,3.901556601484262
Fruits, Kiwi,7248515337436374230,1.2002467618999226
Fruits, Kiwi,8395702456119144592,1.7057445767393433
Fruits, Mangue,1308887973178530381,4.858512479457229
Fruits, Mangue,2775882351313103793,2.404127267166127
Fruits, Mangue,5173033245657392767,1.4830227133021325
Fruits, Mangue,6354477625764176981,2.401327938399305
Fruits, Mangue,7410631940702564570,2.8765732133083106
Fruits, Melon,5027569070841152362,1.913269284189182
Fruits, Melon,7054332617485671408,3.0505686786161013
Fruits, Melon,7760713088668134060,3.73397095818219
Fruits, Melon,7923256084203409856,1.3172056219238113
Fruits, Orange,569595842664438760,2.4694702639734833
Fruits, Orange,1212964179761462591,2.276803443212382
Fruits, Orange,1263948844896022484,3.2594010668763134
Fruits, Orange,2182346742264129790,3.877676618071238
Fruits, Orange,4698494769077192003,2.4022128761744557
Fruits, Orange,8684016988046697923,2.995803325782355
Fruits, Pastèque,50814185045570448,2.652053998252713
Fruits, Pastèque,5576319762533451327,1.3846077747931549
Fruits, Pastèque,5926623720037998255,4.453012138156692
Fruits, Pastèque,8130857914851015028,2.0473629061044303
Fruits, Pastèque,9100715597089539068,1.1158200501157385
Fruits, Poire,512513027107579551,3.15081547979079
Fruits, Poire,3081960227971192405,2.885655356797426
Fruits, Poire,4689438406466729406,2.442300669793073
Fruits, Poire,4989956420554432353,3.2111432637615622
Fruits, Poire,5587284466265897193,3.575844825024449
Fruits, Poire,6987815974408969646,1.5782680772511202
Fruits, Poire,8517398905253272079,1.4899520607976664
Fruits, Prune,10874126701824957,2.824587112182516
Fruits, Prune,1189000428177081965,1.5910287386071573
Fruits, Prune,1215507660431159599,3.9188944967596724
Fruits, Prune,2050953178068103891,4.305920889138479
Fruits, Prune,2693780690507262709,3.797988900449784
Fruits, Prune,2869972500799685764,4.433780373664364
Fruits, Pêche,818291453220232282,2.539141533426989
Fruits, Pêche,7267212059206828818,2.4598239626237364
Fruits, Pêche,7425395037237256888,6.047378855709773
Fruits, Pêche,9050104131806998962,3.2249216947400496
Fruits, Pêche,9211035813751312265,1.6462608203203157
Fruits, Raisin,1925980799847672884,3.6228140096217407
Fruits, Raisin,2813270977200942652,1.9626776193770459
Fruits, Raisin,4442603433809061542,2.5843917398769722
Fruits, Raisin,4638288622707395940,2.3114693162868756
Fruits, Raisin,4796904277884718995,4.673757744018694
Fruits,Pomme,553623338633673416,3.82877158070597
Fruits,Pomme,1335086866554827329,3.9083501852041396
Fruits,Pomme,4188480599194796698,2.8725199594422177
Fruits,Pomme,5506020630480431806,1.3114392824460535
Fruits,Pomme,6368935696630940435,2.4210807536706063
Fruits,Pomme,9028752566560280645,2.2290287803876447
Légumes, Ail,3122250512891599329,1.7224898183714412
Légumes, Ail,4398608429713205980,3.195698863103182
Légumes, Ail,5194749860912889668,1.9716453887731862
Légumes, Ail,5943095232526213042,2.0387996835907494
Légumes, Ail,6323006253785536645,2.4805774945524335
Légumes, Asperge,5179771940501700760,2.018729621476909
Légumes, Asperge,6117956449227589776,2.8437277596317414
Légumes, Asperge,8985323941784115277,3.023974775186676
Légumes, Asperge,9152547175492576066,1.7373333117176089
Légumes, Aubergine,3986078572648927775,2.4217397100573805
Légumes, Aubergine,4095821873563664722,1.9399702933974312
Légumes, Aubergine,4314395770422452469,2.7357687850852592
Légumes, Aubergine,5386043855394355742,3.233631273877712
Légumes, Aubergine,6501356383955499899,1.0982436739790151
Légumes, Aubergine,7257322328829339701,2.864401454865795
Légumes, Betterave,7119805815838740,2.2451213435738255
Légumes, Betterave,4587184938325975981,2.2491153373137927
Légumes, Betterave,4817776990173009269,2.4167342749974714
Légumes, Betterave,5853745904825481233,3.784946215580266
Légumes, Betterave,9096988983220342718,3.478836047697185
Légumes, Brocoli,56858850980778624,3.058016060238946
Légumes, Brocoli,858615500513488089,2.3904614514977776
Légumes, Brocoli,4080992487057609513,3.264846707397506
Légumes, Brocoli,5910026593282664758,4.406676129819379
Légumes, Champignon,2149224029856194212,2.4969437987012695
Légumes, Champignon,2192630954153218987,2.3008098397980326
Légumes, Champignon,3452279109729863698,2.534127508098861
Légumes, Champignon,4011626269256212486,3.5781909591554255
Légumes, Champignon,7362250097626324702,2.2870490222330924
Légumes, Champignon,7636293994273274937,0.7678919271843949
Légumes, Champignon,8136047063266974288,2.1559038512180906
Légumes, Chou-fleur,19661605646567367,2.3381871932421023
Légumes, Chou-fleur,776390026492427121,1.797284412728033
Légumes, Chou-fleur,2145327103396194981,3.5711736222020525
Légumes, Chou-fleur,3383779975004518763,2.37986577860798
Légumes, Chou-fleur,7526853604410382369,3.770119969313526
Légumes, Chou-fleur,8011650282689481130,2.750688624756715
Légumes, Chou-fleur,8951081112660812622,3.254903629753779
Légumes, Concombre,897572894606846596,2.9545369841008218
Légumes, Concombre,2735739390304829323,3.665719239612516
Légumes, Concombre,3893890125177156032,2.472960733663416
Légumes, Concombre,6935979066000792515,2.8417909524924343
Légumes, Courgette,1408655169225429037,2.6831400258660243
Légumes, Courgette,1958293084359276180,2.7672889612735947
Légumes, Courgette,5264681515189337896,0.4
Légumes, Courgette,8396825677548842036,4.1578107964400495
Légumes, Courgette,8921216511423719683,1.6161590274973885
Légumes, Fenouil,4827931218733258184,3.8168449150950874
Légumes, Fenouil,6667553484840471720,1.2026280066027886
Légumes, Fenouil,7089493626235074421,3.7414323102713842
Légumes, Fenouil,8348132400411438412,3.358873293873187
Légumes, Fenouil,9007126449795045891,2.1619430328977303
Légumes, Haricot vert,327146640918394684,3.2783125803589215
Légumes, Haricot vert,480908877524513388,2.84902000430632
Légumes, Haricot vert,1558232883169000049,3.7711422760363127
Légumes, Haricot vert,3606894395106133396,0.4
Légumes, Haricot vert,5674143137723829108,3.91154548468774
Légumes, Haricot vert,7663755419997374305,3.155044668598567
Légumes, Maïs,2146401755261288082,1.7269802620075092
Légumes, Maïs,4230755073608564727,0.7595904544918453
Légumes, Maïs,5528307073693489658,2.305427651202379
Légumes, Maïs,5585660657870275759,1.7678595739596428
Légumes, Maïs,5751527642109323519,2.0844100737830478
Légumes, Maïs,6636371823015970304,3.3973716139178483
Légumes, Maïs,7577525949158522904,2.6302314744694764
Légumes, Navet,641357133394527715,2.333446819946397
Légumes, Navet,3273141089332214221,2.840651515838439
Légumes, Navet,3674391231163349179,2.4909988075786997
Légumes, Navet,5751029194880564091,1.5136325209954937
Légumes, Oignon,424145094068964210,1.889550653379061
Légumes, Oignon,1508603989721912470,2.7803832489298617
Légumes, Oignon,1840606435947872993,2.628727859529749
Légumes, Oignon,2127615957806718038,3.0253638643226566
Légumes, Oignon,2447210317794335609,2.3066688589218547
Légumes, Oignon,8458949304570187888,0.4
Légumes, Patate douce,2749105341370052605,2.173721859127575
Légumes, Patate douce,6002771672030622118,3.59931826700962
Légumes, Patate douce,7934528727938721587,3.0866327844820156
Légumes, Patate douce,8369900034457794663,1.324671272644178
Légumes, Petits pois,1055949767135454127,3.7795943900760065
Légumes, Petits pois,1198074973092242710,3.111043755810252
Légumes, Petits pois,5557537553346935015,2.435150281439463
Légumes, Petits pois,5765687465333327721,1.7258148847236536
Légumes, Petits pois,5780122110688625627,3.386111905056768
Légumes, Petits pois,6100036150613196219,3.0310443014214568
Légumes, Petits pois,8479392631267729369,0.4
Légumes, Poivron,196166982171923685,2.98519384652267
Légumes, Poivron,1648109191235276678,4.200852436425773
Légumes, Poivron,2500379847168022479,2.339322750516791
Légumes, Poivron,2542785468712076111,2.8596111045002592
Légumes, Poivron,5904563477803360227,2.6811342604546966
Légumes, Poivron,5921086461603325965,1.2387183324540891
Légumes, Pomme de terre,1590562872568020805,1.0478103437207673
Légumes, Pomme de terre,2692928551366524474,3.253889282820125
Légumes, Pomme de terre,3057333457471341253,2.054389068453826
Légumes, Pomme de terre,6063442551892132599,2.8252592080867416
Légumes, Pomme de terre,6343866985757127409,2.277048163662647
Légumes, Pomme de terre,9061989324027001003,1.2132911210749882
Légumes, Pomme de terre,9220292194336576908,3.7114083354335237
Légumes, Radis,1233500707289979252,3.937835738192325
Légumes, Radis,1995413166294621483,1.4299736016983593
Légumes, Radis,4175276981289715989,1.5427055410450525
Légumes, Radis,6375887383210460908,3.391043011443942
Légumes, Radis,7765802392375725482,1.0556916946319725
Légumes, Radis,7862897059210194460,2.5094182155629077
Légumes, Radis,8937116543040958646,0.7186570877052063
Légumes, Salade,2568946277413772535,3.837962272261099
Légumes, Salade,3636757309395919354,1.289596317914913
Légumes, Salade,5134224898700768460,4.252190121095325
Légumes, Salade,7768445778187290044,2.0862383079527476
Légumes, Salade,8539619144830358367,2.8491523663828167
Légumes, Tomate,1153570041197622168,1.3150984952753388
Légumes, Tomate,1175333530003796475,1.666356193147649
Légumes, Tomate,3755170640084309201,4.5595478332199795
Légumes, Tomate,7428223209650949360,3.05377513975792
Légumes, Tomate,8019120554645516022,1.2615688706118635
Légumes, Épinard,239650259602882196,3.622884639989013
Légumes, Épinard,3452193253430433055,2.4581840867802174
Légumes, Épinard,3751188690082451762,1.763739606834053
Légumes, Épinard,6152575394138396065,1.8923826234127954
Légumes, Épinard,8852240919537704693,2.437137396179904
Légumes,Carotte,1419291838495768651,2.584805709248259
Légumes,Carotte,2843508502564210203,3.866485335429396
Légumes,Carotte,5359056508291320010,2.7256160831739624
Légumes,Carotte,7265352570173757406,1.7443444778366288
Petit-déjeuner, Barres de céréales,1844560154865204146,1.2403697130174491
Petit-déjeuner, Barres de céréales,2083286311603143162,0.9723348511131715
Petit-déjeuner, Barres de céréales,7711337556116483118,1.8665145198924116
Petit-déjeuner, Barres de céréales,8140540693020813849,1.9988424466322223
Petit-déjeuner, Barres de céréales,8494166395891197934,2.212784807248033
Petit-déjeuner, Beurre de cacahuète,171184563851299481,2.2900161962329957
Petit-déjeuner, Beurre de cacahuète,3210697934649447373,2.249367194904349
Petit-déjeuner, Beurre de cacahuète,7813110176545640690,1.731884421714637
Petit-déjeuner, Beurre de cacahuète,8564941592274948341,2.024181067921767
Petit-déjeuner, Beurre de cacahuète,9142001323795255547,2.1788054252338602
Petit-déjeuner, Biscottes,854122175260557402,0.8305901602351229
Petit-déjeuner, Biscottes,2466598062486660246,1.9540574346827213
Petit-déjeuner, Biscottes,5537469146260326078,2.2452852989577607
Petit-déjeuner, Biscottes,7282767239735169784,1.358807802754711
Petit-déjeuner, Confiture d'abricot,944531848297545603,2.2265660259295847
Petit-déjeuner, Confiture d'abricot,1532333251202567056,1.7389477443899528
Petit-déjeuner, Confiture d'abricot,2353847268303583007,1.8503218801664338
Petit-déjeuner, Confiture d'abricot,3797001919816803856,1.3996142620221679
Petit-déjeuner, Confiture d'abricot,4797464535308943198,2.3887291582905488
Petit-déjeuner, Confiture d'abricot,8880538595992583994,2.514569249585339
Petit-déjeuner, Confiture de fraise,329209996333958743,2.1368443313830654
Petit-déjeuner, Confiture de fraise,2599649918930056117,1.7623843294566128
Petit-déjeuner, Confiture de fraise,3681092676952934469,1.468386357947152
Petit-déjeuner, Confiture de fraise,4632110620679170323,1.4620147652722375
Petit-déjeuner, Confiture de fraise,6708397237764409875,1.730982396668953
Petit-déjeuner, Confiture de fraise,8237891153810812715,2.1984550373917564
Petit-déjeuner, Confiture de fraise,8489687421237293758,1.637456771938036
Petit-déjeuner, Céréales chocolatées,1792316186587403460,2.292929248453823
Petit-déjeuner, Céréales chocolatées,1857866412201471061,2.671327398510096
Petit-déjeuner, Céréales chocolatées,2271409055687681614,1.792949413312222
Petit-déjeuner, Céréales chocolatées,2456839380653965837,3.210121839936235
Petit-déjeuner, Granola,355238836456559052,1.6889623468532466
Petit-déjeuner, Granola,2827880107632870134,1.2856378139807911
Petit-déjeuner, Granola,2913130493790878525,1.8503763127580946
Petit-déjeuner, Granola,3314107156411149158,0.8504935424983211
Petit-déjeuner, Granola,3819892497512470877,1.796723868183682
Petit-déjeuner, Granola,5945865998921460477,2.4134741807480173
Petit-déjeuner, Granola,7918746530578200624,1.690590949471853
Petit-déjeuner, Muesli,2329560571027654435,1.9014617487839898
Petit-déjeuner, Muesli,2407273293986863227,0.9833525450066898
Petit-déjeuner, Muesli,2659944795897811379,1.7518912261624808
Petit-déjeuner, Muesli,3441177640599087458,1.8482132013272987
Petit-déjeuner, Muesli,7495364248505245030,2.4218066295086977
Petit-déjeuner, Muesli,8220656123307628756,1.845689786817702
Petit-déjeuner, Muesli,8483701788752083815,1.5867107678621468
Petit-déjeuner, Nutella,541178100356481984,0.9468798619907421
Petit-déjeuner, Nutella,1478731011267870369,2.5811674111579315
Petit-déjeuner, Nutella,2192239493016139846,2.78522898189753
Petit-déjeuner, Nutella,3081195162744060592,1.4476762972170039
Petit-déjeuner, Nutella,3655493210972849617,2.390184872842701
Petit-déjeuner, Nutella,8677079365674783794,2.4749289195061435
Petit-déjeuner, Nutella,9193002241782073079,1.6886783794351994
Petit-déjeuner, Pain grillé,261635715392035090,0.46160758867421325
Petit-déjeuner, Pain grillé,4556507695969973821,1.9549708213656225
Petit-déjeuner, Pain grillé,5146502158056193790,0.771298711417018
Petit-déjeuner, Pain grillé,7368500119126959847,0.9948762381265599
Petit-déjeuner, Pain grillé,8160857500172700689,2.1376321873544164
Petit-déjeuner, Pain grillé,8287168913498848371,2.0189710335041866
Petit-déjeuner, Pâte à tartiner bio,2444371639965383784,2.8014696006064606
Petit-déjeuner, Pâte à tartiner bio,3029552075939279757,2.642715117627267
Petit-déjeuner, Pâte à tartiner bio,3349762545081214038,2.493227554284782
Petit-déjeuner, Pâte à tartiner bio,5173918724992443848,2.0514106628843924
Petit-déjeuner, Pâte à tartiner bio,5535587791893811755,1.2815660921379204
Petit-déjeuner, Pâte à tartiner bio,6756931191122404582,1.1653630232040961
Petit-déjeuner, Pâte à tartiner bio,8029445153727985291,1.971146192356307
Petit-déjeuner,Céréales nature,2801267137310714264,3.2250878519670296
Petit-déjeuner,Céréales nature,5169328936928430869,2.2550587741941714
Petit-déjeuner,Céréales nature,5981200287646887768,2.6388040768221175
Petit-déjeuner,Céréales nature,8235890340672479325,1.7962410445947758
Petit-déjeuner,Céréales nature,8509514912990860188,1.6902434291387682
Petit-déjeuner,Céréales nature,8680366473142894787,1.9188466109815379
Poissons et fruits de mer, Anchois,442588745297001243,6.1155656764535316
Poissons et fruits de mer, Anchois,1360346790560533782,15.952666087635508
Poissons et fruits de mer, Anchois,4169645977282607453,15.327866915052962
Poissons et fruits de mer, Anchois,4236554043837378349,17.867193380010093
Poissons et fruits de mer, Anchois,4880062839415009097,12.225741514035978
Poissons et fruits de mer, Anchois,5830602541833208518,7.469793540351617
Poissons et fruits de mer, Anchois,6882396013287795566,10.567762742051237
Poissons et fruits de mer, Cabillaud,917419590517219221,17.383845607718502
Poissons et fruits de mer, Cabillaud,1638654760336216227,12.165982802690657
Poissons et fruits de mer, Cabillaud,4369439936896887816,19.94777672984369
Poissons et fruits de mer, Cabillaud,4747765852468185890,11.801957072257727
Poissons et fruits de mer, Cabillaud,5013019411006651307,18.973436197297318
Poissons et fruits de mer, Cabillaud,6564417541180864558,6.5395510588918695
Poissons et fruits de mer, Cabillaud,8684061272073692840,11.802978513780525
Poissons et fruits de mer, Calamar,887876778242695835,16.624084196942704
Poissons et fruits de mer, Calamar,1048951820594616260,20.506083109796585
Poissons et fruits de mer, Calamar,5845392098904534162,16.270195603294273
Poissons et fruits de mer, Calamar,7795231792651506767,14.214778752231423
Poissons et fruits de mer, Calamar,8500868604820878808,16.30409115607
Poissons et fruits de mer, Calamar,8535259811970767427,12.157922049086304
Poissons et fruits de mer, Coquilles Saint-Jacques,800707266038094072,9.91118873045415
Poissons et fruits de mer, Coquilles Saint-Jacques,1935700232531091773,19.9650567393253
Poissons et fruits de mer, Coquilles Saint-Jacques,2253835985701842998,13.901995533732984
Poissons et fruits de mer, Coquilles Saint-Jacques,4340726422683329738,16.703746406453128
Poissons et fruits de mer, Coquilles Saint-Jacques,4610087734575361998,19.18390116070817
Poissons et fruits de mer, Coquilles Saint-Jacques,6688603324315326225,11.514123684357447
Poissons et fruits de mer, Coquilles Saint-Jacques,8390833780300698745,8.568577303050144
Poissons et fruits de mer, Crevettes,2885819266289389087,13.457069878820256
Poissons et fruits de mer, Crevettes,3607069729952038705,12.870153580005876
Poissons et fruits de mer, Crevettes,5715897250516864998,19.317787232132996
Poissons et fruits de mer, Crevettes,6698724777261626654,11.320462748909351
Poissons et fruits de mer, Crevettes,8150902951109394082,11.873440760882016
Poissons et fruits de mer, Filet de sole,125075515200128928,15.12701436102582
Poissons et fruits de mer, Filet de sole,484213281110334988,22.45594086699745
Poissons et fruits de mer, Filet de sole,3782782410784483241,9.202112099552382
Poissons et fruits de mer, Filet de sole,5338353243684484704,15.894413933133245
Poissons et fruits de mer, Filet de sole,6691235798774733963,12.41961087549083
Poissons et fruits de mer, Huîtres,1911637563744175992,11.664803341706875
Poissons et fruits de mer, Huîtres,3310284581387624131,14.53251311213968
Poissons et fruits de mer, Huîtres,4354587968415579902,13.856913037858634
Poissons et fruits de mer, Huîtres,5050504407972757409,13.548970251192351
Poissons et fruits de mer, Huîtres,6115792535537681545,16.876970190499662
Poissons et fruits de mer, Huîtres,7905373034619253761,16.987243054276565
Poissons et fruits de mer, Maquereau,1338217205308057334,11.112015972506178
Poissons et fruits de mer, Maquereau,2243279285081633748,14.259023496795601
Poissons et fruits de mer, Maquereau,2419676597550191392,13.51570644164732
Poissons et fruits de mer, Maquereau,2644647668211238845,15.309986472711588
Poissons et fruits de mer, Moules,300250938605564214,16.670291357827907
Poissons et fruits de mer, Moules,1186678967062295398,13.725411154129302
Poissons et fruits de mer, Moules,3176089095549632825,15.0476812479515
Poissons et fruits de mer, Moules,3927996663127426815,15.046977033781882
Poissons et fruits de mer, Moules,4867111648259170764,10.773352498019495
Poissons et fruits de mer, Moules,5809423731180848520,12.319815079528464
Poissons et fruits de mer, Moules,6737572496074687022,5.2721727460575565
Poissons et fruits de mer, Sardine,1617217347755268593,16.278624421992102
Poissons et fruits de mer, Sardine,1707831568639061578,20.969427851304854
Poissons et fruits de mer, Sardine,2651022229316482509,8.15840874540417
Poissons et fruits de mer, Sardine,6250989144247884717,17.547307404812805
Poissons et fruits de mer, Sardine,8158596846070216640,15.733530824077382
Poissons et fruits de mer, Saumon fumé,683637343726611770,8.574892698737983
Poissons et fruits de mer, Saumon fumé,806590986342183012,11.545726664057566
Poissons et fruits de mer, Saumon fumé,3069490409229684350,10.328895176332733
Poissons et fruits de mer, Saumon fumé,4624405227109054873,22.878918764712378
Poissons et fruits de mer, Saumon fumé,6809468169541414111,17.05014865840425
Poissons et fruits de mer, Saumon fumé,8423476800016644075,4.070505877663454
Poissons et fruits de mer, Saumon fumé,8848202005386730085,9.800449483883364
Poissons et fruits de mer, Thon frais,598087450598550312,16.84596328132405
Poissons et fruits de mer, Thon frais,1434756156174496057,8.773112835752197
Poissons et fruits de mer, Thon frais,2137399345229909322,9.527632800149956
Poissons et fruits de mer, Thon frais,5181009877692171690,7.018150473017383
Poissons et fruits de mer, Thon frais,6793423741284581826,16.471369736380762
Poissons et fruits de mer,Saumon frais,335311838778928366,12.692836792549155
Poissons et fruits de mer,Saumon frais,728028027632221452,15.415178730817352
Poissons et fruits de mer,Saumon frais,886187033901282242,13.918026879958173
Poissons et fruits de mer,Saumon frais,8489968985172405206,11.631678960717444
Poissons et fruits de mer,Saumon frais,8797162430044314438,12.370674054213973
Poissons et fruits de mer,Saumon frais,9202255848615092328,20.356644588722517
Produits d'hygiène, Après-shampoing,2054471163689007962,9.922564964911658
Produits d'hygiène, Après-shampoing,2822697204938038766,5.914819961248631
Produits d'hygiène, Après-shampoing,3651039328369237704,11.066793494761772
Produits d'hygiène, Après-shampoing,7102204812699931290,8.565183557420003
Produits d'hygiène, Après-shampoing,8826008801696622258,9.06457118138208
Produits d'hygiène, Brosse à dents,3604016329125824093,13.174195112301788
Produits d'hygiène, Brosse à dents,5929200396232608907,13.809716771301495
Produits d'hygiène, Brosse à dents,6847723785685577815,7.904759395231243
Produits d'hygiène, Brosse à dents,8491457670371159460,8.772046383080122
Produits d'hygiène, Cotons démaquillants,2391564083744845528,10.430581550297209
Produits d'hygiène, Cotons démaquillants,3525222217090674508,14.321058824886538
Produits d'hygiène, Cotons démaquillants,4934982750380437372,10.061694690382373
Produits d'hygiène, Cotons démaquillants,8528571164056267774,6.903123756377479
Produits d'hygiène, Dentifrice,86856171702735716,9.077046000249089
Produits d'hygiène, Dentifrice,168769694555333245,2.756202101741863
Produits d'hygiène, Dentifrice,2483136079519739731,10.488276870048088
Produits d'hygiène, Dentifrice,4016250877870100025,8.859343149407703
Produits d'hygiène, Dentifrice,4344623774416452015,11.925096849677635
Produits d'hygiène, Dentifrice,5159997596036039109,6.865168395650824
Produits d'hygiène, Dentifrice,6094815675877751689,10.126123270821411
Produits d'hygiène, Déodorant,939691796462647605,10.087346887062813
Produits d'hygiène, Déodorant,1090133804528179245,10.020741422352977
Produits d'hygiène, Déodorant,2247760571341162168,10.804733689894517
Produits d'hygiène, Déodorant,5404276359305251112,8.612121482939525
Produits d'hygiène, Déodorant,6652486164281670718,6.781168506001286
Produits d'hygiène, Déodorant,6930706060154441723,2.1888832995207066
Produits d'hygiène, Déodorant,8024109715326263279,8.807866599193808
Produits d'hygiène, Gel douche,2920813364715275,14.222972694818003
Produits d'hygiène, Gel douche,3132561729655438277,11.612592610847141
Produits d'hygiène, Gel douche,3434148270187096469,14.385261006140171
Produits d'hygiène, Gel douche,5863715524554470050,8.366294392347676
Produits d'hygiène, Lingettes bébé,2666197617510473865,8.440260721557781
Produits d'hygiène, Lingettes bébé,4490590163427959015,8.269721530974236
Produits d'hygiène, Lingettes bébé,4971307785835837193,13.992241893979616
Produits d'hygiène, Lingettes bébé,6792462575526198967,13.318838314593997
Produits d'hygiène, Mousse à raser,2788673264394271780,11.603078360951391
Produits d'hygiène, Mousse à raser,3565048364149706500,12.514556020357233
Produits d'hygiène, Mousse à raser,4180147477991651449,14.612909698286705
Produits d'hygiène, Mousse à raser,4640648568142566147,16.032928385728717
Produits d'hygiène, Mousse à raser,5686956802648212828,9.496928537510248
Produits d'hygiène, Mousse à raser,5692969697028756204,4.9037629199187105
Produits d'hygiène, Mousse à raser,6981625116481711065,7.3526250262681465
Produits d'hygiène, Rasoir jetable,896649810471826264,5.932242098409561
Produits d'hygiène, Rasoir jetable,1058011983541969250,2.425421924233321
Produits d'hygiène, Rasoir jetable,2353320555783777167,7.703656702482608
Produits d'hygiène, Rasoir jetable,3772276234380619020,8.800801820650188
Produits d'hygiène, Rasoir jetable,4733665529988398777,10.08803137708277
Produits d'hygiène, Rasoir jetable,6848535908725931939,5.174774643790987
Produits d'hygiène, Shampoing,4215095630609153148,8.981479049465172
Produits d'hygiène, Shampoing,5494304514307477352,11.307394681744851
Produits d'hygiène, Shampoing,5982520237339755753,6.5234582734897755
Produits d'hygiène, Shampoing,6055263060523658336,7.043333972035558
Produits d'hygiène, Shampoing,8237838469205078984,2.1815822907784757
Produits d'hygiène,Savon,2451264588192425184,13.483315474996768
Produits d'hygiène,Savon,5807376650438783060,12.380826132542667
Produits d'hygiène,Savon,7149408291758409980,7.923693889594876
Produits d'hygiène,Savon,7368969725574285618,7.970580013648985
Produits d'hygiène,Savon,8486515629983865512,6.324759703458975
Produits laitiers, Beurre demi-sel,1652135030346141884,3.2683239638179837
Produits laitiers, Beurre demi-sel,3839069766688253916,2.1602641764531376
Produits laitiers, Beurre demi-sel,4199608071037956919,3.713650992024291
Produits laitiers, Beurre demi-sel,7133649520309646983,2.3370238907750127
Produits laitiers, Beurre demi-sel,9109522591051491315,2.913369242305959
Produits laitiers, Beurre doux,125975102586286160,3.8553575887175584
Produits laitiers, Beurre doux,1972873500102689611,3.9990473985263377
Produits laitiers, Beurre doux,2147979802962651030,4.2418188650825766
Produits laitiers, Beurre doux,3291611150924748874,3.238922887225727
Produits laitiers, Beurre doux,5655772986036939357,1.9746476461248206
Produits laitiers, Beurre doux,5802731993193397681,4.126740248193091
Produits laitiers, Bleu,813714762306320612,3.387788354440017
Produits laitiers, Bleu,5197486761862036843,2.2246141509356225
Produits laitiers, Bleu,5393201071318155435,3.5972169755954138
Produits laitiers, Bleu,6689161268181613145,3.037101663998303
Produits laitiers, Bleu,8694924784083758088,2.0959610336243135
Produits laitiers, Bleu,9198573550884898654,1.8856692464310523
Produits laitiers, Brie,134565892231810442,6.097646868722972
Produits laitiers, Brie,955575775847962495,1.8611574503783275
Produits laitiers, Brie,4565411632144473449,2.8104179712594948
Produits laitiers, Brie,4567468694887268811,2.228044067423648
Produits laitiers, Brie,6275258120387082543,4.262766506686402
Produits laitiers, Brie,6841050566363522838,2.873662557333435
Produits laitiers, Brie,6912877055706327581,5.2280447738510105
Produits laitiers, Camembert,238470069294114547,2.712644661436157
Produits laitiers, Camembert,2007632058602094682,2.976349494335759
Produits laitiers, Camembert,4013291884417231898,4.470761732615337
Produits laitiers, Camembert,6368128930824514278,3.7366792547226644
Produits laitiers, Camembert,6531211198644672702,1.2661001122145372
Produits laitiers, Camembert,7970273889853934412,1.6795267799655484
Produits laitiers, Crème fraîche,1239666267602922679,2.1108511048112204
Produits laitiers, Crème fraîche,1511148180008698838,2.455225659699109
Produits laitiers, Crème fraîche,3044083159903252675,2.6568740429462263
Produits laitiers, Crème fraîche,3925420119460914955,3.6122309773552224
Produits laitiers, Crème fraîche,5039143053767733668,2.531833660905168
Produits laitiers, Crème fraîche,7394746930149853343,3.2790527618823426
Produits laitiers, Emmental,2475569976516676851,2.8602725097107826
Produits laitiers, Emmental,3488439908927649061,2.554154483071205
Produits laitiers, Emmental,6604299506778394308,1.775545504838042
Produits laitiers, Emmental,6968326952715827375,2.029667597761985
Produits laitiers, Emmental,8088765017269587404,1.6250915087882578
Produits laitiers, Feta,793282237770995187,0.7902642669934625
Produits laitiers, Feta,1447835897253330460,3.479407267797085
Produits laitiers, Feta,2457779987522148879,2.12414969388805
Produits laitiers, Feta,4372445348803034949,3.289420524836798
Produits laitiers, Feta,9131582246102570301,3.948763526101609
Produits laitiers, Fromage blanc,1730149748449034373,3.923769345125561
Produits laitiers, Fromage blanc,1745456948857152489,2.6454694596768347
Produits laitiers, Fromage blanc,2000474707706246384,3.6221546283493193
Produits laitiers, Fromage blanc,3940372704537441018,2.3149243356096196
Produits laitiers, Fromage blanc,5961726592434403856,2.3542841490874986
Produits laitiers, Fromage blanc,7179078901740003313,2.5329972603166735
Produits laitiers, Fromage blanc,8808093327581249134,2.7609930865824195
Produits laitiers, Fromage râpé,32933951454572244,2.275934319726481
Produits laitiers, Fromage râpé,98716113407811332,3.4710326075886644
Produits laitiers, Fromage râpé,1002767020203593404,2.8907716970058277
Produits laitiers, Fromage râpé,2834929739130824808,3.898025072610688
Produits laitiers, Fromage râpé,4383969029787579952,3.815646633412593
Produits laitiers, Fromage râpé,4682005633169154156,0.8893675409974322
Produits laitiers, Gouda,705375442273407191,2.42921064867054
Produits laitiers, Gouda,966563089294307851,2.027719144212132
Produits laitiers, Gouda,3167274421009149158,4.180505714110662
Produits laitiers, Gouda,6289315020713510932,2.5160486802589053
Produits laitiers, Gouda,8388585818862812782,4.93989975205497
Produits laitiers, Gouda,8646190612823248941,3.9722153876229513
Produits laitiers, Gouda,8881395534692093782,2.562246328983028
Produits laitiers, Kéfir,4288150479976520637,3.108143063656425
Produits laitiers, Kéfir,4785968691110703153,3.674851967077233
Produits laitiers, Kéfir,4861144025336199026,2.938239805265328
Produits laitiers, Kéfir,6400479899729335764,5.130261375610303
Produits laitiers, Kéfir,7002843625466326459,2.6165210021286773
Produits laitiers, Kéfir,8880051493122228038,3.169411024353078
Produits laitiers, Lait d'amande,3844498192480552561,3.347591502059511
Produits laitiers, Lait d'amande,4408730038916766242,2.9844519430994128
Produits laitiers, Lait d'amande,6685859767271953153,1.864420739360392
Produits laitiers, Lait d'amande,8598113292181491828,2.9828029754874703
Produits laitiers, Lait d'avoine,896424615124301669,3.0082553657160385
Produits laitiers, Lait d'avoine,2532222234985957785,2.559684606090883
Produits laitiers, Lait d'avoine,5193556734626056144,2.972926113375316
Produits laitiers, Lait d'avoine,5558591726872144562,3.0305858327317368
Produits laitiers, Lait d'avoine,5770066604596706071,3.576946593296035
Produits laitiers, Lait d'avoine,6145883269112170838,1.4115847595894113
Produits laitiers, Lait d'avoine,8293244795949328280,2.3915122689811508
Produits laitiers, Lait de soja,2615360208524210737,2.5882873834182076
Produits laitiers, Lait de soja,4221044370611208665,2.2368822566778346
Produits laitiers, Lait de soja,6055348896550387389,2.2487384869902156
Produits laitiers, Lait de soja,8415426139844303901,3.338903533875906
Produits laitiers, Lait de soja,8880456175314389636,2.878705090046321
Produits laitiers, Lait écrémé,3767885386402409772,1.990113500213447
Produits laitiers, Lait écrémé,3912902924652201796,3.9487184901696097
Produits laitiers, Lait écrémé,4876180952502078406,2.369118538084676
Produits laitiers, Lait écrémé,7311649158581443385,2.849537085028062
Produits laitiers, Lait écrémé,8502881557649465586,3.9820620874294983
Produits laitiers, Lait écrémé,8579846067142446067,1.6164649623501461
Produits laitiers, Mozzarella,15482871831744907,3.061131237409231
Produits laitiers, Mozzarella,1461989281772206105,2.1696586674901894
Produits laitiers, Mozzarella,1485008679998020126,1.6772519692314223
Produits laitiers, Mozzarella,6413082340269638467,3.005318902649601
Produits laitiers, Parmesan,571903373141569557,0.8972667733898985
Produits laitiers, Parmesan,1936012859575408322,2.4984805895722344
Produits laitiers, Parmesan,2097527895625423451,2.853650012812076
Produits laitiers, Parmesan,2538803956358217957,2.314536285499582
Produits laitiers, Parmesan,3448371376350446525,3.5796659485275875
Produits laitiers, Parmesan,8713400069938359779,3.877421855274826
Produits laitiers, Yaourt aromatisé,1817043129221532438,3.995133912760963
Produits laitiers, Yaourt aromatisé,4016956850204288751,3.1807190801109866
Produits laitiers, Yaourt aromatisé,5122037126674866515,3.4873365202440225
Produits laitiers, Yaourt aromatisé,8037428175715574620,3.021347925131373
Produits laitiers, Yaourt aromatisé,9015077490239384434,3.5320017646850794
Produits laitiers, Yaourt nature,2843523756578275691,2.134751010585684
Produits laitiers, Yaourt nature,5153668300313975716,3.7927349684129643
Produits laitiers, Yaourt nature,5832484685446137799,4.187902856280584
Produits laitiers, Yaourt nature,5946772511300963347,3.293997815602286
Produits laitiers, Yaourt nature,6879628717124029082,4.017520997027386
Produits laitiers, Yaourt nature,7295010223332493213,3.4957864846153077
Produits laitiers, Yaourt nature,7600563263008963973,2.8388657282814345
Produits laitiers,Lait entier,96547588202929790,2.633067397971383
Produits laitiers,Lait entier,865521892558397376,2.2427612240399264
Produits laitiers,Lait entier,7301007819636709195,0.8172745994728428
Produits laitiers,Lait entier,7405981566786706744,4.154981639051489
Produits laitiers,Lait entier,7876690906557448630,2.6001079251610175
Produits laitiers,Lait entier,8851106102164827094,3.4524165557523743
Produits ménagers, Adoucissant,7270124714696032139,6.266125511483299
Produits ménagers, Adoucissant,7617292455511493676,3.930972909413614
Produits ménagers, Adoucissant,8205460372697739787,4.624459237127324
Produits ménagers, Adoucissant,8344643127322955942,5.734697513942824
Produits ménagers, Adoucissant,8780031265966244124,6.486983641233903
Produits ménagers, Détergent WC,4212326552167050077,5.765815931424768
Produits ménagers, Détergent WC,5592641871537165447,5.558016562686169
Produits ménagers, Détergent WC,6870913054211113646,4.4250817529504625
Produits ménagers, Détergent WC,6999029198091386009,7.360550246613869
Produits ménagers, Gants ménagers,1312831195874464858,6.340270999776536
Produits ménagers, Gants ménagers,2289469929614503386,5.45223107333118
Produits ménagers, Gants ménagers,2891763146864881205,8.270899853097328
Produits ménagers, Gants ménagers,6551517475698348682,9.660239242454871
Produits ménagers, Gants ménagers,6783414978134976751,5.366393522706979
Produits ménagers, Lessive,1587616753615431361,3.6054542218821535
Produits ménagers, Lessive,2940648141102224538,6.405981327000553
Produits ménagers, Lessive,3373370220304332567,4.930748603306197
Produits ménagers, Lessive,4465838023175312990,9.603714848187629
Produits ménagers, Lessive,5546686235313292331,6.8830857901455005
Produits ménagers, Lessive,6984815920828229390,8.066365815295995
Produits ménagers, Nettoyant multi-surfaces,406118064050858448,7.638754526132087
Produits ménagers, Nettoyant multi-surfaces,741756867753023565,6.5450467510508705
Produits ménagers, Nettoyant multi-surfaces,3230301885983592017,5.19436556620326
Produits ménagers, Nettoyant multi-surfaces,3556423659601942241,7.787320381162891
Produits ménagers, Nettoyant multi-surfaces,4275926556434744903,6.257253669410995
Produits ménagers, Nettoyant multi-surfaces,4749559303455984944,4.587088796070407
Produits ménagers, Nettoyant multi-surfaces,7477886074507275806,3.363358072511553
Produits ménagers, Papier essuie-tout,1087976492512783231,6.440185800527665
Produits ménagers, Papier essuie-tout,1483166096530362356,2.8529421172336864
Produits ménagers, Papier essuie-tout,1813341453789676940,2.14821733704076
Produits ménagers, Papier essuie-tout,2050736032345906284,4.059683877392183
Produits ménagers, Papier essuie-tout,6318667559722937909,3.567800700262063
Produits ménagers, Papier essuie-tout,7287629802850600594,6.565672989158774
Produits ménagers, Papier toilette,988615864424966861,7.917272972437501
Produits ménagers, Papier toilette,5550474387066564263,3.929423653639558
Produits ménagers, Papier toilette,6421004979308651476,6.053614478608928
Produits ménagers, Papier toilette,8219412227019926621,4.890128736676044
Produits ménagers, Papier toilette,9157160429580696393,4.503413720613112
Produits ménagers, Sac-poubelle,33976738511522743,9.04100844795374
Produits ménagers, Sac-poubelle,1269842675808655568,5.437446341788629
Produits ménagers, Sac-poubelle,1526920042370017235,3.771778943153189
Produits ménagers, Sac-poubelle,6031609829530839777,6.582995334150961
Produits ménagers, Sac-poubelle,6418090611111373825,7.3822298597415905
Produits ménagers, Sac-poubelle,6631647790484105554,6.582157117475568
Produits ménagers, Sac-poubelle,9188055778262950742,8.813693933897666
Produits ménagers, Éponge,553307994757448673,3.023865793200362
Produits ménagers, Éponge,818687328389872346,3.538894230563049
Produits ménagers, Éponge,2183756976255818558,5.271806291380749
Produits ménagers, Éponge,5737050463077027752,5.505131702699005
Produits ménagers, Éponge,6568389641263375820,5.835768283353882
Produits ménagers, Éponge,6616145365023085021,6.092341587785554
Produits ménagers,Liquide vaisselle,547607201714773855,7.395042907318631
Produits ménagers,Liquide vaisselle,2347539626975083921,5.4300519535694125
Produits ménagers,Liquide vaisselle,3066011135393732255,6.842356057680958
Produits ménagers,Liquide vaisselle,4412557064337151707,7.207530436817752
Produits ménagers,Liquide vaisselle,4947039464140674304,6.78319913197645
Produits ménagers,Liquide vaisselle,5693863399653441943,6.176042966359244
Produits ménagers,Liquide vaisselle,6172781109942930110,6.496425935096539
Produits secs, Cannelle,1753984226526203160,1.7397288918858318
Produits secs, Cannelle,7358168843507096896,2.449534665806706
Produits secs, Cannelle,7628357051782894552,2.361714778500133
Produits secs, Cannelle,7785989964245653034,0.7187770291207702
Produits secs, Chapelure,332477461575012002,2.490737172090851
Produits secs, Chapelure,738255037969591500,2.164640875887301
Produits secs, Chapelure,3721079817489340321,0.5754138134089475
Produits secs, Chapelure,7716753652246215434,0.7573350353338297
Produits secs, Couscous,2055556076278863882,2.0223459842829454
Produits secs, Couscous,2730505329505101187,1.4260339713474692
Produits secs, Couscous,3606818243202766579,2.4291990826843577
Produits secs, Couscous,7155416944759637935,0.9950283386702066
Produits secs, Couscous,8928463326002689700,1.7042799762952647
Produits secs, Curry,1343041212818685891,1.7864600625326317
Produits secs, Curry,3760867994349811994,1.5144765701626304
Produits secs, Curry,4593323068100639504,1.9031063863042519
Produits secs, Curry,7263470874543076657,3.323050520184567
Produits secs, Curry,7342000004322991145,1.5495370254249634
Produits secs, Curry,8560742250727261694,2.0979102034101462
Produits secs, Curry,8987796693232560597,1.615006621845938
Produits secs, Farine blanche,2803420126890473733,1.4080028918468481
Produits secs, Farine blanche,3627705758200173711,2.8225078715329635
Produits secs, Farine blanche,4655782253933029347,1.351395643896781
Produits secs, Farine blanche,5572094614209451075,2.1656370322450638
Produits secs, Farine blanche,5856745148263740609,2.3995949708125335
Produits secs, Farine blanche,6776845392487082871,1.9700768412002692
Produits secs, Farine complète,473652332550499762,2.2913554115915873
Produits secs, Farine complète,1062459462503927831,1.5702584932935855
Produits secs, Farine complète,4822288820685482664,2.743579978232859
Produits secs, Farine complète,5210479374858888812,2.332998652909031
Produits secs, Farine complète,7408365610208454599,1.796049373899157
Produits secs, Farine complète,8772906486770927809,1.7920488457978707
Produits secs, Flocons d'avoine,1134113684645296779,2.156390774561264
Produits secs, Flocons d'avoine,2179976703510431796,2.368483150935195
Produits secs, Flocons d'avoine,3880179188280611559,2.223595709787923
Produits secs, Flocons d'avoine,8233236730156548271,1.978747141721774
Produits secs, Flocons d'avoine,8522572279642004844,2.299506654762032
Produits secs, Flocons d'avoine,8525490782463957224,3.2623819968853867
Produits secs, Haricots secs,709454930441729239,1.5553899567236185
Produits secs, Haricots secs,4546406888441571037,2.216669979922868
Produits secs, Haricots secs,5784237905252109357,1.5809368223818063
Produits secs, Haricots secs,5842779496003064329,2.0285292637125685
Produits secs, Haricots secs,6347834402152144881,1.3313265838003263
Produits secs, Haricots secs,7726745107682294038,1.7659810966420597
Produits secs, Haricots secs,7769053383736133765,2.8870395733721144
Produits secs, Herbes de Provence,232088882969813377,2.0681915982763948
Produits secs, Herbes de Provence,423366203770709878,2.049912058801027
Produits secs, Herbes de Provence,973667259851438377,3.0565258959026074
Produits secs, Herbes de Provence,1004524454475415554,1.434665708575357
Produits secs, Herbes de Provence,1753363015027387378,2.2320313505786142
Produits secs, Herbes de Provence,2959186225820521313,1.433108123177136
Produits secs, Herbes de Provence,6961286864082391249,1.647653429658184
Produits secs, Lentilles corail,749719661963273427,2.5490801954806805
Produits secs, Lentilles corail,4800466465179550183,1.640680520539174
Produits secs, Lentilles corail,4889307181979549023,3.2464502999137337
Produits secs, Lentilles corail,6084367767617603222,1.6437805994238377
Produits secs, Lentilles corail,7615620353788766982,1.957312281581266
Produits secs, Lentilles vertes,3949717701280313723,2.1224885369314195
Produits secs, Lentilles vertes,4903200175760327189,1.6816977663303
Produits secs, Lentilles vertes,6372737396619241633,1.9423245096489132
Produits secs, Lentilles vertes,7243550940163992751,1.2372421263883249
Produits secs, Levure chimique,334670781919182209,1.814151095053952
Produits secs, Levure chimique,3199526232022969692,2.495495056001685
Produits secs, Levure chimique,5382535546149457091,1.3892458167377146
Produits secs, Levure chimique,8559161114727209829,1.1222547138990304
Produits secs, Maïzena,600291646538550934,2.730622671969813
Produits secs, Maïzena,2495513009828645437,1.8454585182998107
Produits secs, Maïzena,3853829414074985510,1.6371417801547454
Produits secs, Maïzena,4615999738873133643,1.8130443463991854
Produits secs, Maïzena,5421370196572792509,2.607180206070848
Produits secs, Maïzena,8572882986697019418,1.735687063951732
Produits secs, Miel,4615535621655411274,1.0232463504207914
Produits secs, Miel,5955452313715754010,2.6392512915248076
Produits secs, Miel,7924593043304379693,2.4473945987701557
Produits secs, Miel,8197240079479497256,1.4522688593847488
Produits secs, Paprika,3802109569284868906,1.9392573258153416
Produits secs, Paprika,4822755266147627423,3.263896722261599
Produits secs, Paprika,5252833695517946996,2.7440108005184984
Produits secs, Paprika,8519942479180716772,2.29815812887522
Produits secs, Paprika,8540809431552466533,2.209565088388547
Produits secs, Paprika,8620813944739363254,1.1647108154418087
Produits secs, Paprika,9197404338861404683,2.0689710639836973
Produits secs, Piment,1021147561136624882,2.7166123084101805
Produits secs, Piment,3448416268974816887,0.9616856490063841
Produits secs, Piment,3657190375652374362,1.1687742274510144
Produits secs, Piment,3839536060761952635,2.4648613999915545
Produits secs, Piment,7741319062707742468,0.724619803372486
Produits secs, Piment,9040530329139094410,1.9458172330726442
Produits secs, Pois chiches,2249308201380737977,0.6623248201776064
Produits secs, Pois chiches,3506477403635869380,2.4944522660165305
Produits secs, Pois chiches,7109447489472958612,2.696259428550685
Produits secs, Pois chiches,7415083995233689148,1.9827467809978527
Produits secs, Poivre noir,2853201329234498199,1.7102137164780442
Produits secs, Poivre noir,3323074011362983163,2.184138885996462
Produits secs, Poivre noir,4046366328428717150,3.3322276604684977
Produits secs, Poivre noir,5874349911110470678,1.9895731699875199
Produits secs, Poivre noir,7351954343142975984,2.0503842498787264
Produits secs, Poivre noir,7607797757437305955,1.5977965815139101
Produits secs, Poivre noir,8377101417894624394,2.4952150490010454
Produits secs, Pâtes courtes,1235287532039864545,0.41485840257764184
Produits secs, Pâtes courtes,2689164760902164528,1.3337159686826092
Produits secs, Pâtes courtes,3524790765998531228,2.084141958115281
Produits secs, Pâtes courtes,6332811829136691321,2.8741099469878897
Produits secs, Pâtes courtes,6751511173333918144,2.1115142531007027
Produits secs, Pâtes courtes,7917470727286676168,1.3173753396735388
Produits secs, Pâtes longues,2546410402415388309,1.8278469553341592
Produits secs, Pâtes longues,2990200724229401482,1.2040958254320315
Produits secs, Pâtes longues,3441077845515667364,1.4736512851162429
Produits secs, Pâtes longues,3841166238735385932,1.9841867978539762
Produits secs, Pâtes longues,6312906041360922243,2.116869720337364
Produits secs, Pâtes longues,7387637439415746440,2.5083586639210216
Produits secs, Pâtes longues,8116713486729413793,1.851261247786039
Produits secs, Quinoa,1483219722017057198,1.9960578395791029
Produits secs, Quinoa,2140186771469872960,2.091075022491816
Produits secs, Quinoa,4367265577733854481,1.4411217366667688
Produits secs, Quinoa,6119271076452751438,1.6234724268697254
Produits secs, Quinoa,7746839807547155662,1.849929898678143
Produits secs, Riz complet,1480095627507191715,2.519549730319267
Produits secs, Riz complet,3148961365057095952,1.776529486320027
Produits secs, Riz complet,6527004597456953866,2.385435218092263
Produits secs, Riz complet,7196594717203533661,1.2236314227280294
Produits secs, Riz complet,8476489772579590520,2.559723671631932
Produits secs, Sel de mer,984790820793604565,2.744466003171732
Produits secs, Sel de mer,1494599112799026804,2.181399415713051
Produits secs, Sel de mer,3569698583217199657,1.757062018327738
Produits secs, Sel de mer,4435131568023537326,2.4160473210101308
Produits secs, Sel de mer,4794981464599980268,2.4777243540962517
Produits secs, Sel de mer,5954948690199892128,2.815649430728846
Produits secs, Sel fin,1268825316566615031,2.1769661158990217
Produits secs, Sel fin,1441097357627577830,1.5233019529722327
Produits secs, Sel fin,4674452277053845702,3.2718555482474114
Produits secs, Sel fin,6290583303111000380,2.7932558951198314
Produits secs, Sel fin,8014999051732584106,2.4295783575221184
Produits secs, Sel fin,8140629693019740899,1.4278601241359903
Produits secs, Sel fin,8559112011522461797,1.2119035580611588
Produits secs, Semoule,507344254328151963,2.2274234674201567
Produits secs, Semoule,1216552849378824817,1.7086432492338355
Produits secs, Semoule,2706806149990756105,0.8427639277433501
Produits secs, Semoule,4484625378670289611,2.1972550612502495
Produits secs, Semoule,6522877319301677184,1.2125835437374448
Produits secs, Sucre en poudre,5939255759959156629,2.4551430089994417
Produits secs, Sucre en poudre,6312192351753594195,2.0705774483687605
Produits secs, Sucre en poudre,7276579491821929866,1.9424939945463287
Produits secs, Sucre en poudre,8072796042673487518,2.086096606798588
Produits secs, Sucre en poudre,8564548795003093484,1.2141144387730072
Produits secs, Sucre en poudre,8586558584127128880,1.3862405107333182
Produits secs, Sucre roux,3320967882527906709,1.2065788494505152
Produits secs, Sucre roux,4138644045446918003,1.753277067609371
Produits secs, Sucre roux,4689141190947778701,0.8368222506667897
Produits secs, Sucre roux,4977178315395621105,1.8613970148773897
Produits secs, Sucre roux,6447066207594468665,2.1875941945584825
Produits secs, Sucre roux,7446772530528164285,2.318016154757042
Produits secs, Sucre roux,8157726597205467666,2.2466611237955245
Produits secs, Épices variées,884271797065014226,1.0993997987028814
Produits secs, Épices variées,1814518544219714377,2.336559240364524
Produits secs, Épices variées,6241106459173916366,1.6982706077305318
Produits secs, Épices variées,6547577928732431784,2.4672962811707326
Produits secs, Épices variées,8082014552644402385,0.9284512857030474
Produits secs,Riz blanc,2377848137646640441,1.3552899471148654
Produits secs,Riz blanc,3215833148391870326,1.5710431117925172
Produits secs,Riz blanc,4085553376743954945,1.6313266524263126
Produits secs,Riz blanc,6210735431298724877,3.0407024816775494
Produits secs,Riz blanc,7018327544974286844,3.427387834676059
Produits secs,Riz blanc,7234735661223345581,1.5744070143880498
Produits secs,Riz blanc,8570370618932916629,1.4375098432246916
Snacks, Amandes,595183584691315882,0.485839125381998
Snacks, Amandes,2917580351257299203,0.7031099274352
Snacks, Amandes,3288325359409362737,1.3336464984794634
Snacks, Amandes,4292626054843659961,0.8213759728147669
Snacks, Amandes,8211152717898092128,0.5365894457602537
Snacks, Amandes,8572006800936056987,1.2919549872581797
Snacks, Amandes,8716871229525366582,1.033782248858075
Snacks, Barres chocolatées,1545181447187614042,0.7439183338895545
Snacks, Barres chocolatées,4479296895929797737,1.0782197022353737
Snacks, Barres chocolatées,6720304881324829863,0.5303418365548769
Snacks, Barres chocolatées,8628136183608515938,0.656102237382278
Snacks, Biscuits salés,102691350312060194,1.065367629306039
Snacks, Biscuits salés,1484151836824729346,0.4
Snacks, Biscuits salés,3733064828415797544,1.336355171435767
Snacks, Biscuits salés,5493597221780749481,0.9314112999443733
Snacks, Biscuits salés,7398428653318904460,1.256093859497419
Snacks, Biscuits salés,8882699787796940736,1.1459731977866026
Snacks, Bonbons,2981964356896357130,0.8826391135543922
Snacks, Bonbons,3749850431571428776,0.7246846441746255
Snacks, Bonbons,4762244767715949123,1.784249266166038
Snacks, Bonbons,5768996994094682986,1.1369030300724827
Snacks, Bretzels,692514477937565401,1.423702723481614
Snacks, Bretzels,4178947551542742619,1.4062923861999956
Snacks, Bretzels,4521453203152880433,0.8222510202146811
Snacks, Bretzels,5518508083411460425,1.1033583937148634
Snacks, Bretzels,5725361003854854960,0.6863198695921064
Snacks, Chips saveur barbecue,1419880024957287052,0.4
Snacks, Chips saveur barbecue,4460514840868726420,0.9533182072174423
Snacks, Chips saveur barbecue,4649290183839356921,0.7953729629155131
Snacks, Chips saveur barbecue,5208829275672869202,1.0020690325559454
Snacks, Chips saveur barbecue,8227916591933112299,1.0538309588687476
Snacks, Chips saveur barbecue,8442514561889820415,0.8664989645746759
Snacks, Crackers,177777111765011998,1.8106827704307538
Snacks, Crackers,2032157549502490984,1.5134978444186689
Snacks, Crackers,4011287880317721287,0.7412936325290543
Snacks, Crackers,4264929438841286085,0.7304730960112039
Snacks, Crackers,6936605973152610817,0.8188873691716343
Snacks, Crackers,8360209123201733157,1.0542599169933162
Snacks, Crackers,8396946512430043216,0.871490310959389
Snacks, Fruits secs,863401657795353518,0.7925397797260195
Snacks, Fruits secs,1193910862790170833,1.664099400186282
Snacks, Fruits secs,6776259898009800754,0.8195077867123164
Snacks, Fruits secs,7125364380872212426,0.7888403677759728
Snacks, Fruits secs,7735530808369183315,1.4688377693500414
Snacks, Fruits secs,9027998290334292407,1.5216506933578122
Snacks, Mélange de noix,1020612368959384318,0.8563502662278712
Snacks, Mélange de noix,1024811410269916175,1.475724516414897
Snacks, Mélange de noix,2939006114851248258,1.051955010848939
Snacks, Mélange de noix,2940961760004873589,0.8902393169667336
Snacks, Mélange de noix,3527976823247705633,0.9419076862179645
Snacks, Mélange de noix,4455244204431914675,0.5108572187736642
Snacks, Mélange de noix,8215506395612884590,1.0157876934903673
Snacks, Noisettes,1275233124828024618,1.201419441624828
Snacks, Noisettes,2414457604273992745,1.0900230239438407
Snacks, Noisettes,3618101004796718168,1.7704124705477777
Snacks, Noisettes,6147980275694177238,1.1736756474519439
Snacks, Noisettes,6841611211349607409,0.9819162672825237
Snacks, Noix de cajou,707763239767513785,1.0274443597417575
Snacks, Noix de cajou,1018545036522301076,1.0112106291943452
Snacks, Noix de cajou,6692014817991795528,1.1770488387012696
Snacks, Noix de cajou,7132118917944116702,1.4353132334864704
Snacks, Noix de cajou,7260192337707209768,0.8283631874931143
Snacks, Noix de cajou,7294090743897738222,0.8699926069371885
Snacks, Pistaches,732264774043492826,0.6735056278153844
Snacks, Pistaches,1998325790400199333,0.8298008872915276
Snacks, Pistaches,6549460953952444051,1.0944274282566038
Snacks, Pistaches,8968378687571667441,0.671544107224805
Snacks, Popcorn,972001074402417766,1.39407243561909
Snacks, Popcorn,1645179250501411238,0.9412911143122806
Snacks, Popcorn,2017650192880621379,1.0713036015912358
Snacks, Popcorn,3214009607153002214,0.7684709670455934
Snacks, Popcorn,4430228782645195753,0.8529243132307257
Snacks, Popcorn,5353983001112946191,1.0525006037347187
Snacks,Chips nature,1403587866017125706,1.2690545120143983
Snacks,Chips nature,1972739912463653287,0.9234948861630221
Snacks,Chips nature,2125426492348872732,0.7647146300695666
Snacks,Chips nature,3435126671060683408,0.4
Snacks,Chips nature,4168360807186670640,0.9968321399228143
Snacks,Chips nature,5972059463520554593,0.6161494073779146
Snacks,Chips nature,8213561429687853016,1.5672873237305134
Surgelés, Filets de poisson panés,1142791307771385945,5.454667488482868
Surgelés, Filets de poisson panés,6479934147302792342,2.701358890118207
Surgelés, Filets de poisson panés,6996184073771410184,8.437861634328494
Surgelés, Filets de poisson panés,8210538405565607803,5.660452039130501
Surgelés, Frites surgelées,1380218267037769322,2.736961343605733
Surgelés, Frites surgelées,3603806521332132508,5.0069404570352685
Surgelés, Frites surgelées,5575204878173041670,3.976372234447574
Surgelés, Frites surgelées,7324395064635857129,2.8080890752669254
Surgelés, Frites surgelées,8612787424395515732,2.4524828909008063
Surgelés, Fruits rouges surgelés,1997597826646881193,3.092561489510219
Surgelés, Fruits rouges surgelés,2861052096435854569,5.959064186083823
Surgelés, Fruits rouges surgelés,3801112569472708347,4.904932422509398
Surgelés, Fruits rouges surgelés,7558626935969283044,3.6774343256828246
Surgelés, Fruits rouges surgelés,8527025739632210887,5.971307438584409
Surgelés, Fruits rouges surgelés,8974979725574725411,5.517276185998531
Surgelés, Glace au chocolat,1681025460306105067,5.213385401536747
Surgelés, Glace au chocolat,6287212740049047961,4.993583908208766
Surgelés, Glace au chocolat,7874910192261676280,5.837323589705805
Surgelés, Glace au chocolat,8473354229301490860,4.804261638441549
Surgelés, Glace à la vanille,1351742105856568306,5.22663882013774
Surgelés, Glace à la vanille,1940179787627529694,3.3863114882594263
Surgelés, Glace à la vanille,2348928052706388628,4.508304618956729
Surgelés, Glace à la vanille,2455030927197977942,2.2059374428501966
Surgelés, Glace à la vanille,3188969423273507272,7.330696336007362
Surgelés, Glace à la vanille,6371408547433051115,6.670862523980096
Surgelés, Légumes surgelés,1618096547768033652,2.802785096290306
Surgelés, Légumes surgelés,1899269058956908680,4.7307958610958405
Surgelés, Légumes surgelés,1959145807308134140,2.2187809520388737
Surgelés, Légumes surgelés,4339358500428478585,5.697977565912384
Surgelés, Légumes surgelés,5452099008605437800,4.420677706235562
Surgelés, Légumes surgelés,7407545378375358548,4.185080079390114
Surgelés, Légumes surgelés,7929327508736164040,3.964505282202868
Surgelés, Nuggets de poulet,2181415657565487431,5.539913123944682
Surgelés, Nuggets de poulet,2449299776873855512,4.73271377685029
Surgelés, Nuggets de poulet,4565025669169789346,3.456140994467363
Surgelés, Nuggets de poulet,4724032309312493778,5.777540940056753
Surgelés, Nuggets de poulet,5721657266573299767,5.81437998726795
Surgelés, Nuggets de poulet,7439208594828459578,6.6251754373816105
Surgelés, Nuggets de poulet,8550741504918136781,4.012000438558564
Surgelés, Pâtes fraîches surgelées,54282611004146181,3.8395685324855
Surgelés, Pâtes fraîches surgelées,647908186138310960,6.415727699843946
Surgelés, Pâtes fraîches surgelées,1746355234221512559,5.604363957893516
Surgelés, Pâtes fraîches surgelées,3766603230754146660,4.4964504930774
Surgelés, Pâtes fraîches surgelées,8413654265275592474,2.8515336599159906
Surgelés, Sorbet citron,1545615818843114949,5.704849441869852
Surgelés, Sorbet citron,4496148859958554755,2.916173016077122
Surgelés, Sorbet citron,4707218153148991149,3.4644835853606986
Surgelés, Sorbet citron,4871068569148804569,8.160619961116964
Surgelés, Sorbet citron,5300973479198774106,5.780169066317281
Surgelés, Sorbet citron,5450050937312873387,5.028046415409267
Surgelés, Sorbet citron,8855455729884784955,1.1840237546567671
Surgelés, Sorbet framboise,1340564294175263582,6.735667424368719
Surgelés, Sorbet framboise,2437235766136440743,3.386913399472851
Surgelés, Sorbet framboise,2691584491184814544,5.314960342831878
Surgelés, Sorbet framboise,4002916242656550359,7.007454254730813
Surgelés, Sorbet framboise,6812655401942455826,6.254750425966244
Surgelés,Pizza surgelée,709546625523097826,6.234304000415865
Surgelés,Pizza surgelée,3682013016096956778,6.042956494679092
Surgelés,Pizza surgelée,3992333221232032108,5.135063155125532
Surgelés,Pizza surgelée,5684496823172611982,2.5927147659561594
Surgelés,Pizza surgelée,9074919037867403444,5.712636970465187
Viandes et volailles, Agneau,1070551344943910690,8.941487491007571
Viandes et volailles, Agneau,5004413742953176264,10.362827788773735
Viandes et volailles, Agneau,7789494985652720281,7.754132538052882
Viandes et volailles, Agneau,7811597614659611011,8.479431108047466
Viandes et volailles, Agneau,8502912339175727787,9.481715891904516
Viandes et volailles, Agneau,8775344361262839895,10.813715590299408
Viandes et volailles, Bacon,1521989259995824106,3.0823685845174307
Viandes et volailles, Bacon,2517337269850351569,10.137248167356201
Viandes et volailles, Bacon,3438013483735835230,0.7348991901598252
Viandes et volailles, Bacon,5133246580613883745,10.826095798821658
Viandes et volailles, Bœuf haché,91042226266885650,10.815107325411649
Viandes et volailles, Bœuf haché,3771401316292572274,7.444794349728816
Viandes et volailles, Bœuf haché,6705247344074414020,5.865387797090701
Viandes et volailles, Bœuf haché,9089287456334136546,11.956038747276732
Viandes et volailles, Charcuterie mixte,1882747923805522395,6.0146101122780555
Viandes et volailles, Charcuterie mixte,2555750504899162786,10.190899985677355
Viandes et volailles, Charcuterie mixte,2637651620543153221,7.144514689976866
Viandes et volailles, Charcuterie mixte,3158871941747894664,6.716276330039101
Viandes et volailles, Charcuterie mixte,6738047594468333806,8.732649427116911
Viandes et volailles, Charcuterie mixte,8978686510670654799,12.905138515319454
Viandes et volailles, Côte de porc,1811890531648207356,6.546874468853574
Viandes et volailles, Côte de porc,5839588300151764389,9.914174273195526
Viandes et volailles, Côte de porc,7473534220805626592,6.753396137262088
Viandes et volailles, Côte de porc,7743092521531463182,8.523365826722264
Viandes et volailles, Dinde,1043983843335255618,12.529501231326975
Viandes et volailles, Dinde,1318192353231706420,7.487026535601521
Viandes et volailles, Dinde,1472821843601002399,4.0997319666690055
Viandes et volailles, Dinde,2600652918857561933,4.7416320634969376
Viandes et volailles, Dinde,4402907804345408327,9.449635995777275
Viandes et volailles, Dinde,5061688159956378568,14.31770165994401
Viandes et volailles, Dinde,6509247562561344465,7.170454592376628
Viandes et volailles, Filet de veau,1414070721553189675,11.196771977616537
Viandes et volailles, Filet de veau,2611182892657111419,4.578468761910373
Viandes et volailles, Filet de veau,4495175390319188036,5.61925588565715
Viandes et volailles, Filet de veau,7824042059925028852,5.307964788453351
Viandes et volailles, Filet de veau,8741271732082121398,8.180308811465649
Viandes et volailles, Filet de veau,9044302168218638162,9.155723646243345
Viandes et volailles, Filet de veau,9094133572432803051,7.615191434759654
Viandes et volailles, Jambon blanc,2673811224637257911,9.63212734214336
Viandes et volailles, Jambon blanc,2725394044153539622,7.994212391625913
Viandes et volailles, Jambon blanc,2819171846962185046,12.326919929336336
Viandes et volailles, Jambon blanc,5549482666884455874,10.174650947607024
Viandes et volailles, Jambon blanc,6012599661428658165,7.040008362233435
Viandes et volailles, Jambon cru,476137361738917913,5.994249707855578
Viandes et volailles, Jambon cru,1793615493542094238,9.983814583760719
Viandes et volailles, Jambon cru,2927460767983819351,3.9186837254853684
Viandes et volailles, Jambon cru,3054772458833236468,8.219453205778512
Viandes et volailles, Mortadelle,49135456873225878,6.822016571681767
Viandes et volailles, Mortadelle,666007484115961925,13.228041527416886
Viandes et volailles, Mortadelle,2242048212415152522,9.95971583269383
Viandes et volailles, Mortadelle,3754429320561401024,6.038265399149087
Viandes et volailles, Mortadelle,3845692845354175617,6.310723360505708
Viandes et volailles, Mortadelle,6811564973388278718,6.700534797024821
Viandes et volailles, Mortadelle,7255686538993213626,9.576189552696286
Viandes et volailles, Poulet rôti,791495125122478058,6.683149860228228
Viandes et volailles, Poulet rôti,3980507994411329984,0.49143712934024997
Viandes et volailles, Poulet rôti,4253816682159783357,8.171280160368447
Viandes et volailles, Poulet rôti,5157636954725396411,9.323803473651843
Viandes et volailles, Poulet rôti,5931304656873751033,9.006203260923163
Viandes et volailles, Poulet rôti,7945191986877259552,6.232871874918908
Viandes et volailles, Poulet rôti,8745741745290486479,5.220419467090723
Viandes et volailles, Salami,548280350271636225,9.269050679729117
Viandes et volailles, Salami,3033670505814408217,5.130860369897034
Viandes et volailles, Salami,3065809504647409501,9.677476108238908
Viandes et volailles, Salami,4100479349879919907,5.491984590194793
Viandes et volailles, Salami,5023515305241712686,8.919234143536622
Viandes et volailles, Saucisse,2377345522472310775,3.617136146299492
Viandes et volailles, Saucisse,3087232035305277002,9.417393523279644
Viandes et volailles, Saucisse,3123665886174179594,7.340952124181979
Viandes et volailles, Saucisse,4110090940226533653,8.732103576434696
Viandes et volailles, Saucisse,4863172655130740543,10.645852190294532
Viandes et volailles, Saucisse,4904759015791765430,4.468080239127007
Viandes et volailles, Steak de bœuf,80775448109906369,6.028235001552226
Viandes et volailles, Steak de bœuf,4613732277825322346,7.152420872041965
Viandes et volailles, Steak de bœuf,7209201680929824234,7.414542930961422
Viandes et volailles, Steak de bœuf,8868430225306720014,4.416918258798518
Viandes et volailles,Poulet,1410537068888709265,7.718944319038553
Viandes et volailles,Poulet,1694384829532553930,4.4411902180537925
Viandes et volailles,Poulet,3560943072346863419,11.277425991457884
Viandes et volailles,Poulet,4969285437200818551,8.45015399351632
Viandes et volailles,Poulet,7590164976329690607,2.442448237362483
